-31.61211201059632	-248.78876724513248	28.491511078610692
-31.36503296835148	-248.3540965940066	28.487854313213624
-31.117953926106637	-247.9194259428807	28.484197547816557
-30.870874883861795	-247.48475529175482	28.48054078241949
-30.623795841616953	-247.05008464062894	28.47688401702242
-30.37671679937211	-246.61541398950305	28.473227251625353
-30.12963775712727	-246.18074333837717	28.469570486228285
-29.886220253786124	-245.74400024860753	28.471412388949553
-29.64280275044498	-245.3072571588379	28.47325429167082
-29.399385247103833	-244.87051406906826	28.475096194392087
-29.155967743762687	-244.43377097929863	28.476938097113354
-28.91255024042154	-243.997027889529	28.47877999983462
-28.669132737080396	-243.56028479975936	28.48062190255589
-28.42809271551375	-243.12222545221096	28.482549602900153
-28.187052693947102	-242.68416610466255	28.484477303244418
-27.946012672380455	-242.24610675711415	28.486405003588683
-27.704972650813808	-241.80804740956575	28.488332703932947
-27.46393262924716	-241.36998806201734	28.490260404277212
-27.222892607680514	-240.93192871446894	28.492188104621476
-26.981852586113867	-240.49386936692053	28.49411580496574
-26.738502330543035	-240.05708697379342	28.49545527044013
-26.495152074972204	-239.6203045806663	28.496794735914516
-26.251801819401372	-239.18352218753918	28.498134201388904
-26.00845156383054	-238.74673979441206	28.49947366686329
-25.76510130825971	-238.30995740128495	28.50081313233768
-25.521751052688877	-237.87317500815783	28.502152597812067
-25.278400797118046	-237.4363926150307	28.503492063286455
-25.035128924952097	-236.9995645068762	28.50350385385508
-24.79185705278615	-236.56273639872168	28.503515644423704
-24.5485851806202	-236.12590829056717	28.50352743499233
-24.305313308454252	-235.68908018241265	28.503539225560953
-24.062041436288304	-235.25225207425814	28.503551016129578
-23.818769564122356	-234.81542396610362	28.503562806698202
-23.575497691956407	-234.3785958579491	28.503574597266827
-23.33222581979046	-233.9417677497946	28.50358638783545
-23.08895394762451	-233.50493964164008	28.503598178404076
-22.848886984238536	-233.06634207682507	28.50376914321205
-22.608820020852562	-232.62774451201005	28.503940108020025
-22.368753057466588	-232.18914694719504	28.504111072828
-22.128686094080614	-231.75054938238003	28.504282037635974
-21.88861913069464	-231.31195181756502	28.50445300244395
-21.648552167308665	-230.87335425275	28.504623967251923
-21.40848520392269	-230.434756687935	28.504794932059898
-21.16434140337298	-229.99841588345328	28.505506969555068
-20.92019760282327	-229.56207507897156	28.506219007050237
-20.676053802273557	-229.12573427448984	28.506931044545407
-20.431910001723846	-228.68939347000813	28.507643082040577
-20.187766201174135	-228.2530526655264	28.508355119535747
-19.943622400624424	-227.8167118610447	28.509067157030916
-19.699478600074713	-227.38037105656298	28.509779194526086
-19.455334799525	-226.94403025208126	28.510491232021256
-19.21119099897529	-226.50768944759955	28.511203269516425
-18.968235271860838	-226.07068547931544	28.511418597692312
-18.725279544746385	-225.63368151103134	28.5116339258682
-18.482323817631933	-225.19667754274724	28.511849254044087
-18.23936809051748	-224.75967357446314	28.512064582219974
-17.996412363403028	-224.32266960617903	28.51227991039586
-17.753456636288576	-223.88566563789493	28.51249523857175
-17.510500909174123	-223.44866166961083	28.512710566747636
-17.26754518205967	-223.01165770132673	28.512925894923523
-17.024589454945218	-222.57465373304262	28.51314122309941
-16.781633727830766	-222.13764976475852	28.513356551275297
-16.538678000716313	-221.70064579647442	28.513571879451185
-16.29572227360186	-221.26364182819032	28.51378720762707
-16.05276654648741	-220.8266378599062	28.51400253580296
-15.809810819372956	-220.3896338916221	28.514217863978846
-15.566855092258503	-219.952629923338	28.514433192154733
-15.323899365144051	-219.5156259550539	28.51464852033062
-15.07880865750691	-219.07981599382668	28.51417658277784
-14.833717949869769	-218.64400603259946	28.513704645225058
-14.588627242232628	-218.20819607137224	28.513232707672277
-14.343536534595486	-217.77238611014502	28.512760770119495
-14.098445826958345	-217.3365761489178	28.512288832566714
-13.853355119321204	-216.90076618769058	28.511816895013933
-13.608264411684063	-216.46495622646336	28.51134495746115
-13.365567348149469	-216.0278090513899	28.512039707052807
-13.122870284614875	-215.59066187631646	28.512734456644463
-12.88017322108028	-215.153514701243	28.51342920623612
-12.637476157545686	-214.71636752616956	28.514123955827774
-12.394779094011092	-214.27922035109611	28.51481870541943
-12.152082030476498	-213.84207317602267	28.515513455011085
-11.909384966941904	-213.40492600094922	28.51620820460274
-11.66668790340731	-212.96777882587577	28.516902954194396
-11.423990839872715	-212.53063165080232	28.517597703786052
-11.182023208672112	-212.09308021017057	28.518231937380314
-10.940055577471508	-211.65552876953882	28.518866170974576
-10.698087946270904	-211.21797732890707	28.519500404568838
-10.4561203150703	-210.78042588827532	28.5201346381631
-10.214152683869697	-210.34287444764357	28.52076887175736
-9.972185052669094	-209.90532300701182	28.521403105351624
-9.73021742146849	-209.46777156638007	28.522037338945886
-9.490892261832604	-209.02876895661342	28.522457557144666
-9.251567102196718	-208.58976634684677	28.522877775343446
-9.012241942560832	-208.15076373708013	28.523297993542226
-8.772916782924947	-207.71176112731348	28.523718211741006
-8.53359162328906	-207.27275851754683	28.524138429939786
-8.294266463653175	-206.8337559077802	28.524558648138566
-8.054941304017289	-206.39475329801354	28.524978866337346
-7.815616144381403	-205.9557506882469	28.525399084536126
-7.576290984745517	-205.51674807848025	28.525819302734906
-7.3406804188879455	-205.0757411590181	28.5265664591914
-7.105069853030374	-204.63473423955594	28.527313615647895
-6.869459287172802	-204.19372732009379	28.52806077210439
-6.63384872131523	-203.75272040063163	28.528807928560884
-6.398238155457658	-203.31171348116948	28.52955508501738
-6.162627589600087	-202.87070656170732	28.530302241473873
-5.939903873895794	-202.4230534153803	28.53120059908187
-5.717180158191502	-201.9754002690533	28.532098956689868
-5.494456442487209	-201.52774712272628	28.532997314297866
-5.271732726782917	-201.08009397639927	28.533895671905864
-5.174963281722739	-200.88559674285352	28.53428599211454
-5.174963281722739	-200.88559674285352	28.53428599211454
-4.954547109712829	-200.43680296475105	28.535211115360756
-4.734130937702918	-199.98800918664858	28.53613623860697
-4.513714765693008	-199.5392154085461	28.537061361853187
-4.293298593683097	-199.09042163044364	28.537986485099403
-4.072882421673187	-198.64162785234117	28.538911608345618
-3.852466249663276	-198.1928340742387	28.539836731591834
-3.652868748713019	-197.73440118646567	28.540190316804804
-3.453271247762762	-197.27596829869265	28.540543902017774
-3.2536737468125048	-196.81753541091962	28.540897487230744
-3.0540762458622477	-196.3591025231466	28.541251072443714
-2.8544787449119906	-195.90066963537356	28.541604657656684
-2.6548812439617335	-195.44223674760053	28.541958242869654
-2.472796364364974	-194.97657116143122	28.542769710567136
-2.2907114847682144	-194.51090557526192	28.543581178264617
-2.108626605171455	-194.0452399890926	28.5443926459621
-1.9265417255746953	-193.5795744029233	28.54520411365958
-1.7444568459779357	-193.113908816754	28.54601558135706
-1.5623719663811761	-192.64824323058468	28.546827049054542
-1.3802870867844166	-192.18257764441537	28.547638516752023
-1.198202207187657	-191.71691205824607	28.548449984449505
-1.0161173275908975	-191.25124647207676	28.549261452146986
-0.8340324479941379	-190.78558088590745	28.550072919844467
-0.6696919222803823	-190.3133603964838	28.550041668947024
-0.5053513965666268	-189.84113990706015	28.55001041804958
-0.3410108708528712	-189.3689194176365	28.549979167152138
-0.17667034513911564	-188.89669892821286	28.549947916254695
-0.0123298194253601	-188.4244784387892	28.54991666535725
0.15201070628839544	-187.95225794936556	28.54988541445981
0.29186293148712006	-187.47221490527025	28.550061262891056
0.4317151566858447	-186.99217186117494	28.550237111322303
0.5715673818845693	-186.51212881707963	28.55041295975355
0.711419607083294	-186.03208577298432	28.5505888081848
0.8512718322820186	-185.552042728889	28.550764656616046
0.9911240574807433	-185.0719996847937	28.550940505047294
1.1309762826794678	-184.59195664069838	28.55111635347854
1.2708285078781925	-184.11191359660307	28.55129220190979
1.410680733076917	-183.63187055250776	28.551468050341036
1.5505329582756417	-183.15182750841245	28.551643898772284
1.6903851834743664	-182.67178446431714	28.55181974720353
1.8094749833153718	-182.18617457474411	28.55101059783808
1.9285647831563772	-181.7005646851711	28.550201448472627
2.047654582997383	-181.21495479559806	28.549392299107176
2.1667443828383885	-180.72934490602503	28.548583149741724
2.285834182679394	-180.243735016452	28.547774000376272
2.4049239825204	-179.75812512687898	28.54696485101082
2.511009009398836	-179.2695092324927	28.547653926709152
2.617094036277272	-178.78089333810644	28.548343002407485
2.7231790631557082	-178.29227744372017	28.549032078105817
2.8292640900341444	-177.8036615493339	28.54972115380415
2.9353491169125805	-177.31504565494762	28.550410229502482
3.0414341437910166	-176.82642976056135	28.551099305200815
3.1475191706694527	-176.33781386617508	28.551788380899147
3.253604197547889	-175.8491979717888	28.55247745659748
3.359689224426325	-175.36058207740254	28.553166532295812
3.465774251304761	-174.87196618301627	28.553855607994144
3.550653179109677	-174.37922328199627	28.553888910864625
3.6355321069145927	-173.88648038097628	28.553922213735106
3.7204110347195085	-173.3937374799563	28.553955516605587
3.8052899625244243	-172.9009945789363	28.553988819476068
3.89016889032934	-172.4082516779163	28.55402212234655
3.975047818134256	-171.9155087768963	28.55405542521703
4.059926745939172	-171.4227658758763	28.55408872808751
4.125026828001256	-170.9270221529856	28.554463601333296
4.1901269100633405	-170.43127843009486	28.554838474579082
4.255226992125425	-169.93553470720414	28.555213347824868
4.320327074187509	-169.43979098431342	28.555588221070654
4.385427156249594	-168.9440472614227	28.55596309431644
4.450527238311678	-168.44830353853197	28.556337967562225
4.5156273203737625	-167.95255981564125	28.55671284080801
4.580727402435847	-167.45681609275053	28.557087714053797
4.645827484497931	-166.9610723698598	28.557462587299582
4.690409430017742	-166.46306388590503	28.55746912335834
4.734991375537553	-165.96505540195025	28.5574756594171
4.779573321057364	-165.46704691799548	28.55748219547586
4.824155266577175	-164.9690384340407	28.55748873153462
4.868737212096986	-164.47102995008592	28.557495267593378
4.9133191576167965	-163.97302146613114	28.557501803652137
4.938227771593717	-163.47364264338373	28.556908220339487
4.963136385570638	-162.9742638206363	28.556314637026837
4.988044999547559	-162.4748849978889	28.555721053714187
5.01295361352448	-161.97550617514148	28.555127470401537
5.0378622275014004	-161.47612735239406	28.554533887088887
5.062770841478321	-160.97674852964664	28.553940303776237
5.087679455455242	-160.47736970689922	28.553346720463587
5.112588069432163	-159.9779908841518	28.552753137150937
5.137496683409084	-159.4786120614044	28.552159553838287
5.162405297386004	-158.97923323865697	28.551565970525637
5.180464023476158	-158.47956423519855	28.549382076099935
5.198522749566311	-157.97989523174013	28.547198181674233
5.216581475656464	-157.4802262282817	28.54501428724853
5.234640201746617	-156.9805572248233	28.54283039282283
5.252698927836771	-156.48088822136486	28.540646498397127
5.270757653926924	-155.98121921790644	28.538462603971425
5.276562387647573	-155.6954821543768	28.53701203137167
5.276562387647573	-155.6954821543768	28.53701203137167
5.272931279283547	-155.1955052825647	28.533858825852327
5.2693001709195215	-154.69552841075262	28.530705620332984
5.265669062555496	-154.19555153894052	28.52755241481364
5.26203795419147	-153.69557466712843	28.524399209294298
5.258406845827444	-153.19559779531633	28.521246003774955
5.254775737463419	-152.69562092350424	28.518092798255612
5.251144629099393	-152.19564405169214	28.51493959273627
5.247513520735367	-151.69566717988005	28.511786387216926
5.243882412371342	-151.19569030806795	28.508633181697583
5.240251304007316	-150.69571343625586	28.50547997617824
5.23662019564329	-150.19573656444376	28.502326770658897
5.232989087279265	-149.69575969263167	28.499173565139554
5.242911639174802	-149.1958617069889	28.501056890439585
5.25283419107034	-148.69596372134612	28.502940215739617
5.262756742965878	-148.19606573570334	28.50482354103965
5.272679294861415	-147.69616775006057	28.50670686633968
5.282601846756953	-147.1962697644178	28.508590191639712
5.292524398652491	-146.69637177877502	28.510473516939744
5.3024469505480285	-146.19647379313224	28.512356842239775
5.312369502443566	-145.69657580748947	28.514240167539807
5.322292054339104	-145.1966778218467	28.51612349283984
5.332214606234642	-144.69677983620392	28.51800681813987
5.351019389156941	-144.19714793143754	28.521793621379462
5.369824172079241	-143.69751602667117	28.525580424619054
5.388628955001541	-143.1978841219048	28.529367227858646
5.40743373792384	-142.69825221713842	28.53315403109824
5.42623852084614	-142.19862031237204	28.53694083433783
5.44504330376844	-141.69898840760567	28.540727637577422
5.4638480866907395	-141.1993565028393	28.544514440817014
5.483450914856738	-140.69974351100092	28.542905865608525
5.503053743022737	-140.20013051916254	28.541297290400035
5.522656571188736	-139.70051752732417	28.539688715191545
5.542259399354735	-139.2009045354858	28.538080139983055
5.5618622275207334	-138.70129154364741	28.536471564774565
5.581465055686732	-138.20167855180904	28.534862989566076
5.601067883852731	-137.70206555997066	28.533254414357586
5.62067071201873	-137.2024525681323	28.531645839149096
5.649712829840454	-136.70335167595042	28.5242394354539
5.678754947662179	-136.20425078376854	28.516833031758704
5.707797065483903	-135.70514989158667	28.50942662806351
5.736839183305627	-135.2060489994048	28.502020224368312
5.765881301127352	-134.70694810722293	28.494613820673116
5.794923418949076	-134.20784721504106	28.48720741697792
5.8239655367708005	-133.70874632285918	28.479801013282724
5.853007654592525	-133.2096454306773	28.47239460958753
5.882049772414249	-132.71054453849544	28.464988205892332
5.911091890235974	-132.21144364631357	28.457581802197137
5.940134008057698	-131.7123427541317	28.45017539850194
5.9691761258794225	-131.21324186194983	28.442768994806745
5.998218243701147	-130.71414096976795	28.43536259111155
6.027260361522871	-130.21504007758608	28.427956187416353
6.056302479344596	-129.7159391854042	28.420549783721157
6.101508254109011	-129.21799225668917	28.418248890154377
6.1467140288734265	-128.72004532797413	28.415947996587597
6.191919803637842	-128.2220983992591	28.413647103020818
6.2371255784022575	-127.72415147054406	28.411346209454038
6.282331353166673	-127.22620454182902	28.40904531588726
6.327537127931088	-126.72825761311398	28.40674442232048
6.372742902695504	-126.23031068439894	28.4044435287537
6.401220717525575	-125.91662420285866	28.402994058607895
6.401220717525575	-125.91662420285866	28.402994058607895
6.447165628716794	-125.41874390321267	28.400927089800255
6.493110539908013	-124.92086360356669	28.398860120992616
6.539055451099232	-124.4229833039207	28.396793152184976
6.585000362290451	-123.92510300427472	28.394726183377337
6.63094527348167	-123.42722270462873	28.392659214569697
6.676890184672889	-122.92934240498275	28.390592245762058
6.733384277468307	-122.43254436153735	28.390243665723624
6.789878370263725	-121.93574631809196	28.38989508568519
6.846372463059144	-121.43894827464656	28.389546505646756
6.902866555854562	-120.94215023120117	28.389197925608322
6.95936064864998	-120.44535218775577	28.388849345569888
7.0158547414453984	-119.94855414431038	28.388500765531454
7.072348834240817	-119.45175610086498	28.38815218549302
7.128842927036235	-118.95495805741959	28.387803605454586
7.185337019831653	-118.4581600139742	28.387455025416152
7.241831112627072	-117.9613619705288	28.387106445377718
7.296164885288348	-117.4643262603687	28.38527779176381
7.350498657949624	-116.96729055020859	28.3834491381499
7.4048324306109	-116.47025484004848	28.38162048453599
7.459166203272176	-115.97321912988838	28.37979183092208
7.513499975933452	-115.47618341972827	28.37796317730817
7.567833748594728	-114.97914770956817	28.37613452369426
7.62552758997492	-114.4824881969128	28.375268985869607
7.683221431355113	-113.98582868425743	28.37440344804495
7.740915272735306	-113.48916917160206	28.373537910220296
7.798609114115498	-112.99250965894669	28.37267237239564
7.856302955495691	-112.49585014629132	28.371806834570986
7.9139967968758835	-111.99919063363595	28.37094129674633
7.971690638256076	-111.50253112098058	28.370075758921676
8.029384479636269	-111.00587160832521	28.36921022109702
8.087078321016461	-110.50921209566984	28.368344683272365
8.144772162396654	-110.01255258301447	28.36747914544771
8.197331605536792	-109.51532275575111	28.36741736797201
8.24989104867693	-109.01809292848776	28.36735559049631
8.30245049181707	-108.5208631012244	28.36729381302061
8.355009934957208	-108.02363327396105	28.36723203554491
8.407569378097346	-107.5264034466977	28.36717025806921
8.460128821237484	-107.02917361943435	28.367108480593508
8.502907773982175	-106.53100713638061	28.367449602174897
8.545686726726865	-106.03284065332687	28.367790723756286
8.588465679471556	-105.53467417027314	28.368131845337675
8.631244632216246	-105.0365076872194	28.368472966919065
8.674023584960937	-104.53834120416566	28.368814088500454
8.716802537705627	-104.04017472111192	28.369155210081843
8.759581490450318	-103.54200823805819	28.369496331663232
8.802360443195008	-103.04384175500445	28.36983745324462
8.845139395939698	-102.54567527195071	28.37017857482601
8.887918348684389	-102.04750878889698	28.3705196964074
8.90605005675752	-101.5478380244399	28.371126581259507
8.924181764830651	-101.04816725998282	28.371733466111614
8.942313472903782	-100.54849649552574	28.37234035096372
8.960445180976913	-100.04882573106866	28.37294723581583
8.978576889050045	-99.54915496661158	28.373554120667936
8.996708597123176	-99.0494842021545	28.374161005520044
9.00054936221637	-98.54949942431426	28.374846900219573
9.004390127309565	-98.04951464647402	28.375532794919103
9.008230892402759	-97.54952986863378	28.376218689618632
9.012071657495953	-97.04954509079354	28.37690458431816
9.015912422589148	-96.5495603129533	28.37759047901769
9.011153502468872	-96.04958507704949	28.37904518249606
9.006394582348596	-95.54960984114567	28.38049988597443
9.00163566222832	-95.04963460524185	28.3819545894528
8.996876742108045	-94.54965936933803	28.38340929293117
8.992117821987769	-94.04968413343421	28.38486399640954
8.987358901867493	-93.5497088975304	28.38631869988791
8.982599981747217	-93.04973366162658	28.38777340336628
8.977778444823608	-92.54975692181674	28.387884896958372
8.972956907899999	-92.0497801820069	28.387996390550466
8.96813537097639	-91.54980344219706	28.38810788414256
8.96331383405278	-91.04982670238722	28.388219377734654
8.95849229712917	-90.54984996257738	28.388330871326747
8.953670760205561	-90.04987322276754	28.38844236491884
8.948849223281952	-89.5498964829577	28.388553858510935
8.944027686358343	-89.04991974314787	28.38866535210303
8.939206149434733	-88.54994300333803	28.388776845695123
8.934384612511124	-88.04996626352819	28.388888339287217
8.929461831024792	-87.5499942771122	28.38694436868861
8.927170342067257	-87.31726400274783	28.386039476368516
8.927170342067257	-87.31726400274783	28.386039476368516
8.922233319659606	-86.81729336505579	28.383806259953072
8.917296297251955	-86.31732272736375	28.381573043537628
8.912359274844304	-85.8173520896717	28.379339827122184
8.907422252436653	-85.31738145197966	28.37710661070674
8.902485230029002	-84.81741081428761	28.374873394291296
8.897548207621352	-84.31744017659557	28.37264017787585
8.894151817762808	-83.81745171226946	28.372631417622227
8.890755427904264	-83.31746324794335	28.372622657368602
8.88735903804572	-82.81747478361724	28.372613897114977
8.883962648187175	-82.31748631929113	28.372605136861353
8.880566258328631	-81.81749785496503	28.372596376607728
8.877169868470087	-81.31750939063892	28.372587616354103
8.873773478611543	-80.81752092631281	28.37257885610048
8.870377088753	-80.3175324619867	28.372570095846854
8.866980698894455	-79.8175439976606	28.37256133559323
8.863584309035911	-79.31755553333448	28.372552575339604
8.860187919177367	-78.81756706900838	28.37254381508598
8.856791529318823	-78.31757860468227	28.372535054832355
8.853395139460279	-77.81759014035616	28.37252629457873
8.849998749601735	-77.31760167603005	28.372517534325105
8.84660235974319	-76.81761321170394	28.37250877407148
8.843205969884647	-76.31762474737783	28.372500013817856
8.840238453019639	-75.81763386952213	28.371937959785335
8.837270936154631	-75.31764299166642	28.371375905752814
8.834303419289624	-74.81765211381071	28.370813851720293
8.831335902424616	-74.317661235955	28.37025179768777
8.828368385559608	-73.81767035809929	28.36968974365525
8.8254008686946	-73.31767948024358	28.36912768962273
8.822433351829593	-72.81768860238788	28.36856563559021
8.819465834964586	-72.31769772453217	28.368003581557687
8.816498318099578	-71.81770684667646	28.367441527525166
8.81353080123457	-71.31771596882075	28.366879473492645
8.81015220179132	-70.81772739918868	28.366755767843326
8.80677360234807	-70.31773882955662	28.366632062194007
8.80339500290482	-69.81775025992455	28.36650835654469
8.80001640346157	-69.31776169029249	28.36638465089537
8.796637804018319	-68.81777312066042	28.36626094524605
8.793259204575069	-68.31778455102835	28.366137239596732
8.789880605131819	-67.81779598139629	28.366013533947413
8.786502005688568	-67.31780741176422	28.365889828298094
8.783123406245318	-66.81781884213216	28.365766122648775
8.779744806802068	-66.31783027250009	28.365642416999457
8.776366207358818	-65.81784170286802	28.365518711350138
8.772987607915567	-65.31785313323596	28.36539500570082
8.769609008472317	-64.81786456360389	28.3652713000515
8.766230409029067	-64.31787599397182	28.36514759440218
8.762851809585817	-63.817887424339766	28.365023888752862
8.759473210142566	-63.31789885470771	28.364900183103543
8.757952794579076	-62.817901700489706	28.365631011683643
8.756432379015585	-62.317904546271706	28.366361840263743
8.754911963452095	-61.817907392053705	28.367092668843842
8.753391547888604	-61.317910237835704	28.36782349742394
8.751871132325114	-60.817913083617704	28.36855432600404
8.750350716761623	-60.3179159293997	28.36928515458414
8.747266277208785	-59.81792564790192	28.368832782598496
8.744181837655947	-59.31793536640414	28.36838041061285
8.74109739810311	-58.81794508490636	28.367928038627205
8.738012958550271	-58.31795480340858	28.36747566664156
8.734928518997433	-57.8179645219108	28.367023294655915
8.731844079444596	-57.31797424041302	28.36657092267027
8.728759639891758	-56.81798395891524	28.366118550684625
8.72567520033892	-56.31799367741746	28.36566617869898
8.722590760786082	-55.81800339591968	28.365213806713335
8.719506321233244	-55.3180131144219	28.36476143472769
8.71627317506499	-54.81802461776614	28.363736750500795
8.713040028896735	-54.31803612111038	28.3627120662739
8.709806882728481	-53.81804762445462	28.361687382047005
8.706573736560227	-53.31805912779886	28.36066269782011
8.703340590391972	-52.8180706311431	28.359638013593216
8.700107444223718	-52.31808213448734	28.35861332936632
8.69749285816215	-51.87901862291619	28.358137513366415
8.69749285816215	-51.87901862291619	28.358137513366415
8.695024837934316	-51.37902489035959	28.358557370810573
8.692556817706482	-50.879031157802984	28.35897722825473
8.690088797478648	-50.37903742524638	28.359397085698888
8.687620777250814	-49.87904369268978	28.359816943143045
8.68515275702298	-49.37904996013317	28.360236800587202
8.682684736795146	-48.87905622757657	28.36065665803136
8.680216716567312	-48.379062495019966	28.361076515475517
8.677748696339478	-47.87906876246336	28.361496372919675
8.675280676111644	-47.37907502990676	28.361916230363832
8.667394900769388	-46.87913995657666	28.36026184175096
8.659509125427132	-46.37920488324656	28.35860745313809
8.651623350084876	-45.87926980991646	28.35695306452522
8.64373757474262	-45.37933473658636	28.35529867591235
8.635851799400363	-44.87939966325626	28.35364428729948
8.627966024058107	-44.37946458992616	28.35198989868661
8.620080248715851	-43.87952951659606	28.35033551007374
8.616859414766495	-43.379572355804285	28.35603319396288
8.613638580817138	-42.87961519501251	28.36173087785202
8.610417746867782	-42.37965803422074	28.367428561741157
8.607196912918425	-41.879700873428966	28.373126245630296
8.603976078969069	-41.37974371263719	28.378823929519434
8.600755245019712	-40.87978655184542	28.384521613408573
8.600118147860092	-40.37980805544662	28.38911478725671
8.599481050700472	-39.87982955904781	28.393707961104845
8.598843953540852	-39.37985106264901	28.39830113495298
8.598206856381232	-38.87987256625021	28.402894308801116
8.597569759221612	-38.3798940698514	28.407487482649252
8.596932662061992	-37.8799155734526	28.412080656497388
8.596942468546331	-37.838994985446334	28.412434918433142
8.596942468546331	-37.838994985446334	28.412434918433142
8.601892286019337	-37.339026456773894	28.41507492678501
8.606842103492344	-36.839057928101454	28.41771493513688
8.61179192096535	-36.339089399429014	28.420354943488746
8.616741738438357	-35.839120870756574	28.422994951840614
8.621691555911363	-35.339152342084134	28.425634960192482
8.62664137338437	-34.839183813411694	28.42827496854435
8.631591190857376	-34.339215284739254	28.43091497689622
8.636541008330383	-33.839246756066814	28.433554985248087
8.64149082580339	-33.339278227394374	28.436194993599955
8.646440643276396	-32.839309698721934	28.438835001951823
8.651390460749402	-32.339341170049494	28.44147501030369
8.656340278222409	-31.839372641377054	28.44411501865556
8.661290095695415	-31.339404112704614	28.446755027007427
8.666239913168422	-30.839435584032174	28.449395035359295
8.671189712418705	-30.339468792049317	28.452345696599465
8.676139511668989	-29.83950200006646	28.455296357839636
8.681089310919273	-29.339535208083603	28.458247019079806
8.686039110169556	-28.839568416100747	28.461197680319977
8.69098890941984	-28.33960162411789	28.464148341560147
8.695938708670123	-27.839634832135033	28.467099002800317
8.700888507920407	-27.339668040152176	28.470049664040488
8.70583830717069	-26.83970124816932	28.47300032528066
8.710788106420974	-26.339734456186463	28.47595098652083
8.715737905671258	-25.839767664203606	28.478901647761
8.720687704921541	-25.33980087222075	28.48185230900117
8.725637504171825	-24.839834080237893	28.48480297024134
8.730587303422109	-24.339867288255036	28.48775363148151
8.735537102672392	-23.83990049627218	28.49070429272168
8.740486901922676	-23.339933704289322	28.49365495396185
8.745436786717375	-22.83995828846347	28.493941677326653
8.750386671512075	-22.33998287263762	28.494228400691455
8.755336556306775	-21.84000745681177	28.494515124056257
8.760286441101474	-21.340032040985918	28.49480184742106
8.765236325896174	-20.840056625160067	28.49508857078586
8.770186210690873	-20.340081209334215	28.495375294150662
8.775136095485573	-19.840105793508364	28.495662017515464
8.780085980280273	-19.340130377682513	28.495948740880266
8.785035865074972	-18.840154961856662	28.496235464245068
8.789985749869672	-18.34017954603081	28.49652218760987
8.794935634664371	-17.84020413020496	28.49680891097467
8.799885519459071	-17.34022871437911	28.497095634339473
8.80483540425377	-16.840253298553257	28.497382357704275
8.80978528904847	-16.340277882727406	28.497669081069077
8.81473517384317	-15.840302466901557	28.49795580443388
8.81968472730365	-15.340360493324239	28.492165728773024
8.824634280764132	-14.84041851974692	28.48637565311217
8.829583834224612	-14.340476546169603	28.480585577451315
8.834533387685093	-13.840534572592285	28.47479550179046
8.839482941145574	-13.340592599014967	28.469005426129605
8.844432494606055	-12.840650625437648	28.46321535046875
8.849382048066536	-12.34070865186033	28.457425274807896
8.854331601527017	-11.840766678283012	28.45163519914704
8.859281154987498	-11.340824704705694	28.445845123486187
8.864230708447979	-10.840882731128376	28.440055047825332
8.86918026190846	-10.340940757551058	28.434264972164478
8.87412981536894	-9.84099878397374	28.428474896503623
8.879079368829421	-9.341056810396422	28.42268482084277
8.884028922289902	-8.841114836819104	28.416894745181914
8.888978699018105	-8.341150204987535	28.41359828831655
8.893928475746309	-7.8411855731559665	28.410301831451186
8.898878252474512	-7.341220941324398	28.40700537458582
8.903828029202716	-6.841256309492829	28.403708917720458
8.908777805930919	-6.3412916776612605	28.400412460855094
8.913727582659122	-5.841327045829692	28.39711600398973
8.918677359387326	-5.341362413998123	28.393819547124366
8.92362713611553	-4.841397782166554	28.390523090259002
8.928576912843733	-4.341433150334986	28.387226633393638
8.933526689571936	-3.8414685185034174	28.383930176528274
8.93847646630014	-3.341503886671849	28.38063371966291
8.943426243028343	-2.841539254840281	28.377337262797546
8.948376019756546	-2.3415746230087127	28.374040805932182
8.949868922238238	-2.190780257806182	28.373046561362116
8.949868922238238	-2.190780257806182	28.373046561362116
8.950506821770785	-1.6908792286673855	28.363119117070735
8.951144721303333	-1.190978199528589	28.353191672779353
8.95178262083588	-0.6910771703897927	28.34326422848797
8.952420520368428	-0.1911761412509962	28.33333678419659
8.951947873422506	0.3088216520657727	28.334745075084918
8.951475226476585	0.8088194453825417	28.336153365973246
8.951002579530664	1.3088172386993107	28.337561656861574
8.950529932584743	1.8088150320160796	28.338969947749902
8.950057285638822	2.3088128253328484	28.34037823863823
8.949584638692901	2.808810618649617	28.34178652952656
8.948185591373708	3.3088085850540945	28.34206267801152
8.946786544054515	3.808806551458572	28.34233882649648
8.945387496735322	4.30880451786305	28.34261497498144
8.943988449416128	4.808802484267527	28.3428911234664
8.942589402096935	5.308800450672005	28.343167271951362
8.941190354777742	5.808798417076483	28.343443420436323
8.939791307458549	6.308796383480961	28.343719568921284
8.938392260139356	6.808794349885439	28.343995717406244
8.936993212820163	7.308792316289916	28.344271865891205
8.933802543052394	7.808782105182113	28.344446880090924
8.930611873284626	8.308771894074308	28.344621894290643
8.927421203516857	8.808761682966503	28.344796908490363
8.924230533749089	9.308751471858699	28.344971922690082
8.92103986398132	9.808741260750894	28.3451469368898
8.917849194213552	10.30873104964309	28.34532195108952
8.914658524445784	10.808720838535285	28.34549696528924
8.912874131626788	11.308717643060978	28.34539016470979
8.911089738807792	11.808714447586672	28.345283364130342
8.909305345988797	12.308711252112365	28.345176563550893
8.909071208676323	12.374317830894142	28.34516254982007
8.909071208676323	12.374317830894142	28.34516254982007
8.907294646160647	12.874314662965704	28.345054179940373
8.90551808364497	13.374311495037265	28.344945810060675
8.903741521129295	13.874308327108826	28.344837440180978
8.901964958613618	14.374305159180388	28.34472907030128
8.900188396097942	14.874301991251949	28.344620700421583
8.898411833582266	15.37429882332351	28.344512330541885
8.896481849009996	15.874293279845714	28.34586088777727
8.894551864437727	16.37428773636792	28.347209445012655
8.892621879865457	16.87428219289012	28.34855800224804
8.890691895293187	17.374276649412323	28.349906559483426
8.888761910720918	17.874271105934525	28.35125511671881
8.886831926148648	18.374265562456728	28.352603673954196
8.883974545551693	18.874253107777935	28.354674881282932
8.881117164954738	19.374240653099143	28.35674608861167
8.878259784357782	19.87422819842035	28.358817295940405
8.875402403760827	20.37421574374156	28.36088850326914
8.872545023163871	20.874203289062766	28.362959710597877
8.869687642566916	21.374190834383974	28.365030917926614
8.86683026196996	21.87417837970518	28.36710212525535
8.863972881373005	22.37416592502639	28.369173332584086
8.86111550077605	22.874153470347597	28.371244539912823
8.858258120179094	23.374141015668805	28.37331574724156
8.854398179202587	23.87411493133419	28.36997142221532
8.850538238226079	24.374088846999577	28.366627097189077
8.846678297249571	24.874062762664963	28.363282772162837
8.842818356273064	25.37403667833035	28.359938447136596
8.838958415296556	25.874010593995735	28.356594122110355
8.835098474320048	26.37398450966112	28.353249797084114
8.833914391171906	26.8739829733737	28.352883420009828
8.832730308023763	27.37398143708628	28.352517042935542
8.83154622487562	27.873979900798858	28.352150665861256
8.830362141727477	28.373978364511437	28.35178428878697
8.829178058579334	28.873976828224016	28.351417911712684
8.827993975431191	29.373975291936596	28.351051534638398
8.826809892283048	29.873973755649175	28.35068515756411
8.825625809134905	30.373972219361754	28.350318780489825
8.824441725986762	30.873970683074333	28.34995240341554
8.82325764283862	31.373969146786912	28.349586026341253
8.816922223693169	31.87392899012862	28.349718351650388
8.810586804547718	32.373888833470325	28.349850676959523
8.804251385402267	32.87384867681203	28.349983002268658
8.797915966256816	33.37380852015374	28.350115327577793
8.791580547111366	33.873768363495444	28.350247652886928
8.785245127965915	34.37372820683715	28.350379978196063
8.786332697850444	34.87372702377253	28.350395945933478
8.787420267734973	35.37372584070791	28.350411913670893
8.788507837619502	35.873724657643294	28.350427881408308
8.78959540750403	36.373723474578675	28.350443849145723
8.79068297738856	36.873722291514056	28.350459816883138
8.791770547273089	37.37372110844944	28.350475784620553
8.792858117157618	37.87371992538482	28.350491752357968
8.793945687042147	38.3737187423202	28.350507720095383
8.795033256926676	38.87371755925558	28.350523687832798
8.796120826811205	39.37371637619096	28.350539655570213
8.79232696331363	39.87369893939489	28.34879520958681
8.788533099816057	40.37368150259882	28.34705076360341
8.784739236318483	40.87366406580275	28.345306317620008
8.78094537282091	41.37364662900668	28.343561871636606
8.777151509323335	41.87362919221061	28.341817425653204
8.773357645825762	42.37361175541454	28.340072979669802
8.767965256897945	42.873581553755955	28.34113264381193
8.762572867970128	43.37355135209737	28.34219230795406
8.757180479042312	43.87352115043879	28.34325197209619
8.751788090114495	44.37349094878021	28.34431163623832
8.746395701186678	44.87346074712163	28.34537130038045
8.741003312258862	45.373430545463044	28.34643096452258
8.735610923331045	45.87340034380446	28.34749062866471
8.730218534403228	46.37337014214588	28.348550292806838
8.724826145475411	46.8733399404873	28.349609956948967
8.719433756547595	47.373309738828716	28.350669621091097
8.70779324166277	47.87317240278343	28.349322180066476
8.696152726777946	48.37303506673815	28.347974739041856
8.684512211893122	48.87289773069286	28.346627298017236
8.672871697008297	49.37276039464758	28.345279856992615
8.661231182123473	49.872623058602294	28.343932415967995
8.649590667238648	50.37248572255701	28.342584974943374
8.628077915179464	50.87202265729044	28.342813745513322
8.60656516312028	51.371559592023864	28.34304251608327
8.585052411061096	51.87109652675729	28.343271286653216
8.563539659001911	52.37063346149072	28.343500057223164
8.542026906942727	52.87017039622415	28.34372882779311
8.520514154883543	53.369707330957574	28.34395759836306
8.499001402824359	53.869244265691	28.344186368933006
8.477488650765174	54.36878120042443	28.344415139502953
8.45597589870599	54.86831813515786	28.3446439100729
8.434463146646806	55.367855069891284	28.344872680642847
8.410395028418208	55.867275278048105	28.34444680562084
8.38632691018961	56.366695486204925	28.344020930598834
8.362258791961011	56.866115694361746	28.343595055576827
8.338190673732413	57.365535902518566	28.34316918055482
8.314122555503815	57.86495611067539	28.342743305532814
8.290054437275217	58.36437631883221	28.342317430510807
8.26867221604178	58.86391633396722	28.34071309449977
8.247289994808344	59.36345634910223	28.33910875848873
8.225907773574908	59.86299636423724	28.337504422477693
8.204525552341472	60.36253637937225	28.335900086466655
8.183143331108036	60.86207639450726	28.334295750455617
8.1617611098746	61.361616409642274	28.33269141444458
8.140378888641164	61.861156424777285	28.33108707843354
8.118996667407728	62.360696439912296	28.329482742422503
8.097614446174292	62.86023645504731	28.327878406411465
8.076232224940856	63.35977647018232	28.326274070400427
8.054357589828061	63.85928948401404	28.3234019019807
8.032482954715267	64.35880249784576	28.32052973356097
8.010608319602472	64.85831551167747	28.317657565141243
7.988733684489677	65.35782852550919	28.314785396721515
7.9668590493768825	65.85734153934091	28.311913228301787
7.944984414264088	66.35685455317262	28.30904105988206
7.920237943025314	66.85624176002462	28.30886845110106
7.89549147178654	67.35562896687661	28.30869584232006
7.88004593225196	67.6673220875673	28.308588108343557
7.88004593225196	67.6673220875673	28.308588108343557
7.854443525618769	68.16666577383897	28.309220370315405
7.8288411189855776	68.66600946011064	28.309852632287253
7.803238712352386	69.16535314638232	28.3104848942591
7.777636305719195	69.66469683265399	28.31111715623095
7.752033899086004	70.16404051892566	28.311749418202798
7.726431492452813	70.66338420519733	28.312381680174646
7.700829085819621	71.162727891469	28.313013942146494
7.67522667918643	71.66207157774068	28.313646204118342
7.652623327100679	72.16156008543436	28.313081264810428
7.630019975014928	72.66104859312804	28.312516325502514
7.607416622929177	73.16053710082173	28.3119513861946
7.584813270843426	73.66002560851541	28.311386446886686
7.5622099187576755	74.1595141162091	28.310821507578773
7.5396065666719245	74.65900262390278	28.31025656827086
7.518141825348846	75.15854073005099	28.31122887778472
7.496677084025768	75.6580788361992	28.312201187298584
7.475212342702689	76.1576169423474	28.313173496812446
7.453747601379611	76.65715504849561	28.31414580632631
7.4322828600565325	77.15669315464382	28.31511811584017
7.410818118733454	77.65623126079203	28.316090425354034
7.389353377410376	78.15576936694023	28.317062734867896
7.367888636087297	78.65530747308844	28.31803504438176
7.346423894764219	79.15484557923665	28.31900735389562
7.3249591534411405	79.65438368538486	28.319979663409484
7.304414682028776	80.15396072568996	28.32081960053785
7.283870210616412	80.65353776599505	28.321659537666214
7.263325739204047	81.15311480630015	28.32249947479458
7.242781267791683	81.65269184660525	28.323339411922944
7.222236796379319	82.15226888691035	28.32417934905131
7.201692324966954	82.65184592721545	28.325019286179675
7.1855859143440775	83.15157634795099	28.328195782414088
7.169479503721201	83.65130676868654	28.3313722786485
7.153373093098324	84.15103718942208	28.334548774882915
7.137266682475447	84.65076761015763	28.33772527111733
7.12116027185257	85.15049803089317	28.340901767351742
7.105053861229694	85.65022845162872	28.344078263586155
7.088947450606817	86.14995887236427	28.34725475982057
7.07284103998394	86.64968929309981	28.350431256054982
7.056734629361063	87.14941971383536	28.353607752289395
7.053823127066566	87.64940952465874	28.35491627328173
7.050911624772068	88.14939933548212	28.356224794274066
7.04800012247757	88.6493891463055	28.3575333152664
7.045088620183073	89.14937895712887	28.358841836258737
7.042177117888575	89.64936876795225	28.360150357251072
7.037677335073819	90.14934462286816	28.36212430145845
7.035643406910822	90.3753366349265	28.36301653579083
7.035643406910822	90.3753366349265	28.36301653579083
7.027687070828227	90.87526161536101	28.36643861902975
7.019730734745632	91.37518659579553	28.36986070226867
7.011774398663038	91.87511157623004	28.37328278550759
7.003818062580443	92.37503655666455	28.37670486874651
6.995861726497848	92.87496153709907	28.38012695198543
6.9879053904152535	93.37488651753358	28.383549035224352
6.979949054332659	93.8748114979681	28.386971118463272
6.971992718250064	94.37473647840261	28.390393201702192
6.964036382167469	94.87466145883712	28.393815284941113
6.95608038773827	95.37456508946262	28.399565262340403
6.948124393309071	95.87446872008812	28.405315239739693
6.940168398879871	96.37437235071361	28.411065217138983
6.932212404450672	96.87427598133911	28.416815194538273
6.9242564100214725	97.3741796119646	28.422565171937563
6.916300415592273	97.8740832425901	28.428315149336854
6.908344421163074	98.3739868732156	28.434065126736144
6.900388426733874	98.8738905038411	28.439815104135434
6.892432432304675	99.37379413446659	28.445565081534724
6.884476437875476	99.87369776509209	28.451315058934014
6.876520443446276	100.37360139571759	28.457065036333304
6.868564449017077	100.87350502634308	28.462815013732595
6.860608122074422	101.37342955371649	28.459327350896988
6.8526517951317665	101.8733540810899	28.45583968806138
6.844695468189111	102.37327860846331	28.452352025225775
6.836739141246456	102.87320313583672	28.448864362390168
6.828782814303801	103.37312766321013	28.44537669955456
6.8208264873611455	103.87305219058354	28.441889036718955
6.81287016041849	104.37297671795694	28.438401373883348
6.804913833475835	104.87290124533035	28.43491371104774
6.79695750653318	105.37282577270376	28.431426048212135
6.7890011795905245	105.87275030007717	28.427938385376528
6.781044852647869	106.37267482745058	28.42445072254092
6.773088525705214	106.87259935482399	28.420963059705315
6.765132198762559	107.3725238821974	28.41747539686971
6.7571758718199035	107.87244840957081	28.4139877340341
6.749219544877248	108.37237293694422	28.410500071198495
6.741263217934593	108.87229746431763	28.40701240836289
6.733306699067874	109.37223405504223	28.40732714982328
6.725350180201154	109.87217064576683	28.407641891283674
6.717393661334435	110.37210723649143	28.407956632744067
6.709437142467715	110.87204382721603	28.40827137420446
6.701480623600996	111.37198041794063	28.408586115664853
6.693524104734276	111.87191700866524	28.408900857125246
6.685567585867557	112.37185359938984	28.40921559858564
6.6776110670008375	112.87179019011444	28.409530340046032
6.669654548134118	113.37172678083904	28.409845081506425
6.661698029267399	113.87166337156364	28.41015982296682
6.653741510400679	114.37159996228824	28.41047456442721
6.64578499153396	114.87153655301285	28.410789305887604
6.642407545819879	115.08375356951728	28.41092290981846
6.642407545819879	115.08375356951728	28.41092290981846
6.634451031084	115.58368990074291	28.411521736939527
6.626494516348121	116.08362623196854	28.412120564060594
6.598745369187298	116.5828499952025	28.41449101852571
6.570996222026475	117.08207375843645	28.416861472990824
6.5432470748656515	117.58129752167041	28.41923192745594
6.515497927704828	118.08052128490436	28.421602381921055
6.475446679323277	118.57890250927805	28.42507408105316
6.4353954309417265	119.07728373365174	28.428545780185267
6.395344182560176	119.57566495802543	28.432017479317373
6.351279656097159	120.07370951551334	28.435169663362863
6.307215129634142	120.57175407300126	28.438321847408353
6.263150603171125	121.06979863048917	28.441474031453843
6.219086076708108	121.56784318797709	28.444626215499333
6.1686707527125995	122.06528797139926	28.447268667486437
6.118255428717091	122.56273275482143	28.44991111947354
6.062288495766868	123.05958576557539	28.452099296995105
6.0063215628166455	123.55643877632936	28.45428747451667
5.945654601821116	124.0527413785377	28.456089385944267
5.884987640825586	124.54904398074605	28.457891297371866
5.818298883767485	125.04457582986235	28.458783594086732
5.751610126709385	125.54010767897866	28.4596758908016
5.680936487521818	126.03508769495531	28.459819096047113
5.6102628483342505	126.53006771093196	28.459962301292627
5.529931158431438	127.02357214292265	28.460404119021966
5.449599468528626	127.51707657491333	28.460845936751305
5.369267778625813	128.01058100690403	28.461287754480644
5.2845332165162855	128.50334811804953	28.462080318318
5.199798654406758	128.99611522919503	28.46287288215536
5.106756423010736	129.48738163666798	28.46355116341901
5.013714191614714	129.97864804414093	28.46422944468266
4.920671960218692	130.46991445161387	28.464907725946308
4.82762972882267	130.96118085908682	28.465586007209957
4.718165164529767	131.44905108427605	28.465976568332657
4.602076101527435	131.93538771520554	28.465872321518766
4.485987038525103	132.42172434613502	28.465768074704876
4.369897975522771	132.9080609770645	28.465663827890985
4.2485203258249005	133.39310439074725	28.465069692544663
4.12714267612703	133.87814780443	28.46447555719834
4.004009867106049	134.36274897336403	28.46433987242312
3.880877058085068	134.84735014229807	28.4642041876479
3.7577442490640873	135.3319513112321	28.46406850287268
3.633997719642219	135.8163957816989	28.46466136896029
3.510251190220351	136.3008402521657	28.465254235047897
3.3797650174739684	136.78351310553214	28.465778968414096
3.249278844727586	137.26618595889857	28.466303701780294
3.1187926719812036	137.748858812265	28.466828435146493
2.978661996950365	138.22882066540197	28.466944403832738
2.825014590404708	138.704627716877	28.467296864347365
2.671367183859051	139.18043476835206	28.46764932486199
2.517719777313394	139.6562418198271	28.468001785376618
2.3457780462825735	140.12574748439906	28.468688855221078
2.171221804037798	140.59428751186735	28.469289649192234
1.9966655617930231	141.06282753933564	28.46989044316339
1.822109319548248	141.53136756680394	28.470491237134546
1.6455060737659621	141.99914000549734	28.4709802954027
1.4689028279836762	142.46691244419074	28.471469353670855
1.2854656055480644	142.93204756133034	28.471798334875867
1.1020283831124527	143.39718267846993	28.47212731608088
0.9185911606768409	143.86231779560953	28.47245629728589
0.7275354550561002	144.32437589828564	28.472620921457324
0.5364797494353595	144.78643400096175	28.472785545628756
0.33690484860948877	145.24487682897197	28.472605527997658
0.1373299477836181	145.7033196569822	28.47242551036656
-0.06740843451474288	146.15947975033285	28.47202048176042
-0.2721468168131038	146.6156398436835	28.471615453154282
-0.48141557301247884	147.06973955102015	28.471406945269447
-0.6906843292118539	147.5238392583568	28.47119843738461
-0.8999530854112289	147.97793896569343	28.470989929499776
-1.1092218416106039	148.43203867303006	28.47078142161494
-1.3221044592355904	148.8844554900309	28.470903109698593
-1.5349870768605767	149.3368723070317	28.471024797782245
-1.7580640022848366	149.78435044651098	28.4710304028259
-1.9811409277090966	150.23182858599026	28.471036007869554
-2.2042178531333563	150.67930672546953	28.471041612913208
-2.438618558305055	151.12095849857755	28.470897649177438
-2.673019263476754	151.56261027168557	28.470753685441668
-2.914259431525258	152.0005636430856	28.470593063922227
-3.1554995995737625	152.43851701448563	28.470432442402785
-3.396739767622267	152.87647038588565	28.470271820883344
-3.637979935670771	153.31442375728568	28.470111199363902
-3.8835301092212577	153.7499752401703	28.469976937160368
-4.129080282771745	154.18552672305492	28.469842674956833
-4.378107918184764	154.61909925868972	28.46953748022192
-4.627135553597783	155.0526717943245	28.469232285487006
-4.876163189010802	155.4862443299593	28.468927090752093
-5.130517681479676	155.91671321802036	28.468353878418018
-5.3848721739485494	156.34718210608142	28.467780666083943
-5.65310773265977	156.76914105823707	28.467208181508884
-5.92134329137099	157.19110001039272	28.466635696933825
-6.18957885008221	157.61305896254837	28.466063212358765
-6.462409583355361	158.0320614732995	28.46552752040967
-6.735240316628513	158.45106398405065	28.464991828460573
-7.008071049901664	158.8700664948018	28.464456136511476
-7.280901783174816	159.28906900555293	28.46392044456238
-7.563576396751459	159.70149483242423	28.46390745111268
-7.846251010328102	160.11392065929553	28.463894457662978
-8.128925623904745	160.52634648616683	28.463881464213276
-8.41160023748139	160.93877231303813	28.463868470763575
-8.694274851058033	161.35119813990943	28.463855477313874
-8.984685610833472	161.7582133677701	28.464296947789173
-9.27509637060891	162.1652285956308	28.46473841826447
-9.565507130384349	162.57224382349148	28.46517988873977
-9.855917890159787	162.97925905135216	28.465621359215067
-10.156460645682204	163.37885136452581	28.465433328582122
-10.45700340120462	163.77844367769947	28.465245297949178
-10.757546156727036	164.17803599087313	28.465057267316233
-11.058088912249453	164.57762830404678	28.46486923668329
-11.367754395991131	164.97019235111105	28.4639991036177
-11.67741987973281	165.36275639817532	28.46312897055211
-11.987085363474488	165.7553204452396	28.46225883748652
-12.304870348042956	166.14134181885393	28.461808620076074
-12.622655332611423	166.52736319246827	28.461358402665628
-12.94044031717989	166.9133845660826	28.46090818525518
-13.258225301748357	167.29940593969695	28.460457967844736
-13.582542931541626	167.67995558879363	28.460656909199027
-13.906860561334895	168.0605052378903	28.46085585055332
-14.231178191128164	168.441054886987	28.46105479190761
-14.561455508451774	168.81644373482868	28.461381254162326
-14.891732825775383	169.19183258267037	28.461707716417042
-15.222010143098993	169.56722143051206	28.462034178671757
-15.552287460422603	169.94261027835375	28.462360640926473
-15.888231899922891	170.31293615607228	28.46263967649383
-16.22417633942318	170.6832620337908	28.462918712061185
-16.5697653799028	171.04460416774236	28.463196797879103
-16.91535442038242	171.40594630169392	28.46347488369702
-17.26094346086204	171.76728843564547	28.46375296951494
-17.61385516296771	172.12148224291832	28.46403118964945
-17.966766865073378	172.47567605019117	28.46430940978396
-18.319678567179047	172.82986985746402	28.464587629918473
-18.678314379384993	173.17826531010047	28.46556884631835
-19.03695019159094	173.52666076273692	28.46655006271823
-19.395586003796886	173.87505621537338	28.46753127911811
-19.758341982519543	174.21915620793845	28.469346497473655
-20.1210979612422	174.56325620050353	28.4711617158292
-20.48938478026082	174.901430347947	28.472912412270244
-20.857671599279442	175.2396044953905	28.474663108711287
-21.225958418298063	175.57777864283398	28.47641380515233
-21.59833989366321	175.91144005274649	28.477863060161983
-21.970721369028354	176.245101462659	28.479312315171637
-22.35116077824051	176.56954634412335	28.48048483804179
-22.731600187452663	176.8939912255877	28.481657360911942
-23.112039596664818	177.21843610705207	28.482829883782095
-23.492479005876973	177.54288098851643	28.484002406652248
-23.88026933746717	177.85850378940822	28.484954395298644
-24.268059669057365	178.1741265903	28.48590638394504
-24.65585000064756	178.4897493911918	28.486858372591435
-25.048873024065198	178.79883330565875	28.487050418001317
-25.441896047482835	179.1079172201257	28.4872424634112
-25.834919070900472	179.41700113459265	28.48743450882108
-26.22794209431811	179.7260850490596	28.487626554230964
-26.624491938910285	180.03063057573073	28.487133666272804
-27.02104178350246	180.33517610240185	28.486640778314644
-27.417591628094637	180.63972162907297	28.486147890356484
-27.820989614561462	180.93513660914937	28.485915380194182
-28.224387601028287	181.23055158922577	28.48568287003188
-28.62778558749511	181.52596656930217	28.485450359869578
-29.031183573961936	181.82138154937857	28.485217849707276
-29.442138015390025	182.10619096882547	28.485421969381584
-29.853092456818114	182.39100038827237	28.48562608905589
-30.26681034713645	182.6717803966273	28.485319268670533
-30.680528237454784	182.95256040498222	28.485012448285175
-31.09424612777312	183.23334041333715	28.484705627899817
-31.51038622196021	183.51051672203752	28.483859516095105
-31.926526316147303	183.7876930307379	28.483013404290393
-32.342666410334395	184.06486933943827	28.48216729248568
-32.765033108487216	184.33246262976286	28.481716443563023
-33.18739980664004	184.60005592008744	28.481265594640366
-33.60976650479286	184.86764921041203	28.48081474571771
-34.035601967126574	185.1296876777789	28.480789466053416
-34.46143742946029	185.39172614514575	28.480764186389123
-34.887272891794005	185.65376461251262	28.48073890672483
-35.31592377473775	185.91117172292343	28.480746748916882
-35.74457465768149	186.16857883333424	28.480754591108933
-36.17322554062523	186.42598594374505	28.480762433300985
-36.60444251083501	186.6790707515941	28.480694322331164
-37.03565948104478	186.93215555944317	28.480626211361344
-37.47283372704596	187.1748041773894	28.48005451031072
-37.910007973047136	187.41745279533563	28.479482809260094
-38.347182219048314	187.66010141328186	28.47891110820947
-38.79083116956423	187.89069671155292	28.477720679119656
-39.236268598546104	188.11782052643687	28.477201473401585
-39.68170602752798	188.34494434132083	28.476682267683515
-40.127143456509856	188.57206815620478	28.476163061965444
-40.57416153713636	188.79606550864935	28.47631034000084
-41.02117961776287	189.02006286109392	28.476457618036235
-41.471739189590416	189.2368486250697	28.47652669779833
-41.92229876141796	189.4536343890455	28.476595777560426
-42.37285833324551	189.6704201530213	28.476664857322522
-42.827704488159135	189.8780614642696	28.476417423725643
-43.28255064307276	190.0857027755179	28.476169990128763
-43.74191271729695	190.28315130700346	28.476919775856075
-44.201274791521136	190.48059983848904	28.477669561583387
-44.66355219533092	190.67111541481154	28.479518103005205
-45.12582959914071	190.86163099113404	28.481366644427023
-45.591204564531104	191.04445508563447	28.482588142681035
-46.0565795299215	191.2272791801349	28.483809640935046
-46.52325545639236	191.40676006358373	28.48424796614714
-46.989931382863226	191.58624094703256	28.484686291359235
-47.45868842774866	191.7602142050039	28.48431429523406
-47.9274454726341	191.93418746297525	28.483942299108886
-48.396202517519534	192.1081607209466	28.48357030298371
-48.86639899669761	192.27820336992207	28.482693662840123
-49.33659547587569	192.44824601889755	28.481817022696536
-49.80679195505377	192.61828866787303	28.480940382552948
-50.277796001342786	192.78607965662525	28.479768856658072
-50.7488000476318	192.95387064537746	28.478597330763197
-51.21980409392082	193.12166163412968	28.47742580486832
-51.691179629101356	193.28840510244544	28.476114085656484
-52.16255516428189	193.4551485707612	28.474802366444646
-52.63437325301131	193.62062884246012	28.47280967325042
-53.10619134174073	193.78610911415905	28.470816980056195
-53.57800943047015	193.95158938585797	28.46882428686197
-54.049827519199575	194.1170696575569	28.466831593667745
-54.5219529194504	194.2816640237337	28.46432140226923
-54.994078319701224	194.4462583899105	28.461811210870717
-55.46620371995205	194.6108527560873	28.459301019472203
-55.9375448865291	194.77767720761477	28.456635112058528
-56.40888605310616	194.94450165914225	28.453969204644853
-56.88022721968321	195.11132611066972	28.451303297231178
-57.35156838626027	195.2781505621972	28.448637389817502
-57.82209384898222	195.44726032088053	28.445866388489804
-58.29261931170417	195.61637007956386	28.443095387162106
-58.763144774426124	195.7854798382472	28.44032438583441
-59.23331737578491	195.95556698682267	28.43748065220139
-59.70348997714369	196.12565413539815	28.434636918568373
-60.17366257850247	196.29574128397363	28.431793184935355
-60.643835179861256	196.4658284325491	28.428949451302337
-61.113789608723486	196.63651635263741	28.42603934328117
-61.58374403758572	196.80720427272573	28.423129235260006
-62.05162549558873	196.98349571927056	28.420253973166407
-62.519506953591744	197.1597871658154	28.417378711072807
-62.98738841159476	197.33607861236024	28.414503448979207
-63.45526986959777	197.51237005890508	28.411628186885608
-63.91988001376176	197.69711192511377	28.408825186770862
-64.38449015792575	197.88185379132247	28.406022186656116
-64.8450544335561	198.07646493404556	28.403366788172267
-65.30561870918645	198.27107607676865	28.400711389688418
-65.76122400661292	198.47703153284868	28.398228837010485
-66.21135523689267	198.69469747562584	28.39638143835959
-66.66148646717242	198.912363418403	28.394534039708695
-67.11161769745217	199.13002936118016	28.3926866410578
-67.55580749010322	199.35958182916016	28.391641390416453
-67.99321043576292	199.60181676750105	28.39069388041097
-68.43061338142262	199.84405170584193	28.38974637040549
-68.86801632708232	200.08628664418282	28.38879886040001
-69.2991380284533	200.3395321284935	28.387902599699718
-69.73025972982428	200.59277761280416	28.387006338999427
-70.16138143119527	200.84602309711482	28.386110078299136
-70.58112079235792	201.11771499121278	28.38456626087847
-71.00086015352058	201.38940688531073	28.3830224434578
-71.42059951468323	201.6610987794087	28.381478626037133
-71.83032950820466	201.9476582790973	28.379245792155963
-72.24005950172608	202.23421777878593	28.377012958274793
-72.64375256573683	202.52922682081655	28.375757892623295
-73.04744562974759	202.82423586284716	28.374502826971796
-73.45113869375834	203.11924490487777	28.373247761320297
-73.84899732417695	203.4220790288788	28.373188247002048
-74.24685595459556	203.72491315287985	28.3731287326838
-74.63910711331349	204.03497603411233	28.37293337084078
-75.03135827203141	204.34503891534482	28.37273800899776
-75.42360943074934	204.6551017965773	28.37254264715474
-75.81102233081425	204.97118894187702	28.372140851722
-76.19843523087917	205.28727608717674	28.37173905628926
-76.57652474509342	205.6144584335417	28.37156166311502
-76.95461425930768	205.94164077990666	28.37138426994078
-77.33270377352193	206.26882312627163	28.37120687676654
-77.70360241941295	206.60413521133896	28.371197711225584
-78.07450106530396	206.93944729640629	28.37118854568463
-78.43741012720355	207.28339059091434	28.371037039529437
-78.80031918910313	207.6273338854224	28.370885533374246
-79.16322825100272	207.97127717993044	28.370734027219054
-79.5261373129023	208.3152204744385	28.370582521063863
-79.87943597598944	208.66902821486755	28.370211747112144
-80.23273463907657	209.0228359552966	28.369840973160425
-80.5762031942215	209.38619437069494	28.36972441469521
-80.91967174936644	209.74955278609326	28.369607856229994
-81.26314030451138	210.11291120149158	28.369491297764778
-81.60660885965632	210.4762696168899	28.369374739299563
-81.93872892199501	210.85002915951952	28.36963643653329
-82.2708489843337	211.22378870214914	28.36989813376702
-82.59461063830368	211.60481141987293	28.370180971152752
-82.91837229227366	211.98583413759673	28.370463808538485
-83.24213394624364	212.36685685532052	28.370746645924218
-83.55815880732806	212.75432067414187	28.371022836002815
-83.87418366841247	213.1417844929632	28.371299026081413
-84.1796497630229	213.537625939958	28.37118119344204
-84.48511585763332	213.93346738695277	28.37106336080267
-84.79058195224374	214.32930883394755	28.370945528163297
-85.09604804685416	214.72515028094233	28.370827695523925
-85.38941691113185	215.13003826356032	28.370171186610506
-85.68278577540953	215.53492624617832	28.369514677697087
-85.96675162331942	215.94646322797362	28.368672160259372
-86.25071747122932	216.35800020976893	28.367829642821658
-86.53468331913922	216.76953719156424	28.366987125383943
-86.80878215320516	217.18771038098583	28.36598073944417
-87.0828809872711	217.60588357040743	28.364974353504394
-87.34421071042865	218.0321525940634	28.36375154289933
-87.60554043358621	218.45842161771938	28.362528732294265
-87.86687015674377	218.88469064137536	28.3613059216892
-88.11785491866736	219.3171310423836	28.359909906648898
-88.36883968059095	219.74957144339186	28.358513891608595
-88.60900780472892	220.1881087651947	28.356442772575104
-88.84917592886688	220.62664608699754	28.354371653541612
-89.08934405300485	221.06518340880038	28.35230053450812
-89.31897280999375	221.5093260755162	28.349485296278168
-89.54860156698265	221.95346874223205	28.346670058048215
-89.76847571405902	222.40252283524126	28.344265687212488
-89.98834986113539	222.85157692825047	28.34186131637676
-90.20822400821176	223.30063102125968	28.339456945541034
-90.42193663134645	223.75265239902845	28.33756254513192
-90.63564925448115	224.20467377679722	28.335668144722806
-90.84936187761585	224.656695154566	28.333773744313692
-91.04762603135188	225.11570331312657	28.332089785241184
-91.24589018508792	225.57471147168715	28.330405826168676
-91.44415433882395	226.03371963024773	28.328721867096167
-91.63031101634321	226.49777029446034	28.327087101417987
-91.81646769386248	226.96182095867294	28.325452335739808
-91.99172186074009	227.4300991570736	28.32422518673941
-92.1669760276177	227.89837735547428	28.322998037739016
-92.3422301944953	228.36665555387495	28.32177088873862
-92.50613230181793	228.83902784844943	28.321053578732236
-92.67003440914056	229.31140014302392	28.320336268725853
-92.82550435917925	229.78661490539693	28.32018051978363
-92.98097430921794	230.26182966776994	28.320024770841407
-93.13644425925663	230.73704443014296	28.319869021899184
-93.28565906488095	231.21426011041524	28.320238189557834
-93.42497073826178	231.69446007204485	28.320742680136224
-93.56428241164261	232.17466003367446	28.321247170714614
-93.70359408502344	232.65485999530407	28.321751661293003
-93.83256609501375	233.13793955352784	28.32235254845199
-93.96153810500405	233.62101911175162	28.322953435610973
-94.0801851442365	234.10673763129435	28.323585776184345
-94.19883218346894	234.59245615083708	28.324218116757717
-94.31747922270138	235.0781746703798	28.324850457331088
-94.42701489162681	235.56602867242125	28.32549071134921
-94.53655056055224	236.0538826744627	28.326130965367334
-94.63311433614778	236.54446932021955	28.3265555213571
-94.72967811174333	237.0350559659764	28.326980077346867
-94.82624188733887	237.52564261173325	28.327404633336634
-94.90935133973773	238.018687027719	28.327555587738352
-94.99246079213658	238.51173144370478	28.32770654214007
-95.06625016159747	239.0062565347163	28.32745491820675
-95.14003953105835	239.50078162572783	28.32720329427343
-95.20911710263668	239.99598668875208	28.326718877127803
-95.27819467421502	240.49119175177634	28.326234459982174
-95.33477001656965	240.98797982163632	28.325315611642832
-95.39134535892428	241.4847678914963	28.32439676330349
-95.44792070127892	241.98155596135626	28.323477914964148
-95.4917482364673	242.47962960742765	28.322139913296933
-95.53557577165569	242.97770325349904	28.32080191162972
-95.56742672091404	243.47668672811722	28.319797377248317
-95.5992776701724	243.9756702027354	28.318792842866916
-95.63112861943075	244.47465367735356	28.317788308485515
-95.66297956868911	244.97363715197173	28.316783774104113
-95.68467270159773	245.47316613129982	28.31632902578587
-95.70636583450636	245.9726951106279	28.315874277467625
-95.72248875704035	246.47243490250355	28.315436344778142
-95.73861167957435	246.9721746943792	28.31499841208866
-95.75473460210834	247.47191448625483	28.314560479399177
-95.76560455277333	247.97179612599416	28.31412410333938
-95.77647450343831	248.4716777657335	28.313687727279586
-95.78734445410329	248.97155940547282	28.31325135121979
-95.7921377525071	249.47153641671812	28.313363228967134
-95.79693105091091	249.97151342796343	28.313475106714478
-95.80172434931472	250.47149043920874	28.31358698446182
-95.80324451217197	250.97148780763519	28.314153263124997
-95.80476467502922	251.47148517606163	28.314719541788172
-95.8064029287466	251.97148133508048	28.315795223500658
-95.808041182464	252.47147749409933	28.316870905213143
-95.80967943618138	252.97147365311818	28.31794658692563
-95.81131768989877	253.47146981213703	28.319022268638115
-95.81369519352498	253.97146141014187	28.320680400439212
-95.81607269715118	254.4714530081467	28.32233853224031
-95.81842506525923	254.97144723471308	28.322828189860985
-95.82077743336728	255.47144146127945	28.32331784748166
-95.82312980147533	255.97143568784583	28.323807505102337
-95.8253988735978	256.4714300270474	28.32309190878081
-95.82766794572028	256.971424366249	28.322376312459284
-95.82993701784275	257.47141870545056	28.321660716137757
-95.83156260350903	257.9714160536606	28.32175691470977
-95.8331881891753	258.4714134018707	28.321853113281783
-95.83481377484158	258.97141075008074	28.321949311853796
-95.83596300626742	259.4714081943272	28.323060623769184
-95.83711223769326	259.97140563857363	28.32417193568457
-95.83872413945288	260.4714013512668	28.32547157452866
-95.8403360412125	260.97139706396	28.326771213372748
-95.84194794297211	261.4713927766532	28.328070852216836
-95.84355984473173	261.9713884893464	28.329370491060924
-95.84583569097514	262.47138148096724	28.33072284232011
-95.84811153721854	262.9713744725881	28.332075193579296
-95.8500296596905	263.4713700825164	28.332918317900717
-95.85194778216247	263.9713656924447	28.333761442222137
-95.85386590463443	264.471361302373	28.334604566543558
-95.8557840271064	264.9713569123013	28.335447690864978
-95.85698280682726	265.47135547449784	28.33547468273276
-95.85818158654813	265.9713540366944	28.33550167460054
-95.8602666456068	266.47134943050287	28.33499304999726
-95.86235170466547	266.97134482431136	28.334484425393978
-95.86443676372414	267.47134021811985	28.333975800790697
-95.86727324206792	267.9713314296102	28.33311392896465
-95.8701097204117	268.4713226411005	28.332252057138604
-95.87294619875549	268.97131385259087	28.331390185312557
-95.87760955752118	269.4712915305975	28.330632174694845
-95.88227291628688	269.97126920860416	28.329874164077133
-95.88693627505258	270.4712468866108	28.32911615345942
-95.89226954178731	270.9712180811405	28.328515398519567
-95.89760280852205	271.47118927567016	28.327914643579714
-95.90293607525679	271.97116047019983	28.32731388863986
-95.90209566695746	272.471159287158	28.326623414674835
-95.90125525865814	272.97115810411617	28.32593294070981
-95.90041485035881	273.47115692107434	28.325242466744783
-95.89957444205949	273.9711557380325	28.324551992779757
-95.89873403376016	274.4711545549907	28.32386151881473
-95.89789362546084	274.97115337194884	28.323171044849705
-95.89705321716151	275.471152188907	28.32248057088468
-95.89621280886219	275.9711510058652	28.321790096919653
-95.89537240056286	276.47114982282335	28.321099622954627
-95.89453199226354	276.9711486397815	28.3204091489896
-95.89369158396421	277.4711474567397	28.319718675024575
-95.89285117566489	277.97114627369785	28.31902820105955
-95.88595331650086	278.4710961134233	28.320633597405422
-95.87905545733683	278.97104595314875	28.322238993751295
-95.8721575981728	279.4709957928742	28.323844390097168
-95.86525973900878	279.97094563259964	28.32544978644304
-95.85836187984475	280.4708954723251	28.327055182788914
-95.85146402068072	280.9708453120505	28.328660579134787
-95.85445924666878	281.4708281993736	28.3315138238435
-95.85745447265684	281.9708110866967	28.334367068552215
-95.8604496986449	282.4707939740198	28.33722031326093
-95.86344492463296	282.97077686134287	28.340073557969642
-95.86644015062102	283.47075974866596	28.342926802678356
-95.86943537660908	283.97074263598904	28.34578004738707
-95.87072386489221	284.4707335213487	28.348510313900118
-95.87201235317535	284.9707244067083	28.351240580413165
-95.87330084145849	285.47071529206795	28.353970846926213
-95.87458932974162	285.9707061774276	28.35670111343926
-95.88767128359123	286.4705312513243	28.358639666407207
-95.90075323744084	286.970356325221	28.360578219375153
-95.91383519129045	287.47018139911773	28.3625167723431
-95.92272847352604	287.97009866309	28.364424313564136
-95.93162175576163	288.4700159270623	28.366331854785173
-95.94051503799722	288.9699331910346	28.36823939600621
-95.9494083202328	289.4698504550069	28.370146937227247
-95.94935923295178	289.9695996733999	28.35431291354387
-95.94931014567075	290.4693488917929	28.33847888986049
-95.94926105838972	290.9690981101859	28.32264486617711
-95.9492371865199	291.2121335370466	28.314944546570434
-95.9492371865199	291.2121335370466	28.314944546570434
-95.94046551329622	291.7120565444089	28.314733694160157
-95.93169384007254	292.21197955177115	28.31452284174988
-95.92292216684886	292.7119025591334	28.314311989339604
-95.91415049362519	293.2118255664957	28.314101136929327
-95.90537882040151	293.71174857385796	28.31389028451905
-95.89660714717783	294.21167158122023	28.313679432108774
-95.88783547395415	294.7115945885825	28.313468579698498
-95.87906380073048	295.21151759594477	28.31325772728822
-95.8702921275068	295.71144060330704	28.313046874877944
-95.86152045428312	296.2113636106693	28.312836022467668
-95.85274878105945	296.7112866180316	28.31262517005739
-95.84397710783577	297.21120962539385	28.312414317647114
-95.83520543461209	297.7111326327561	28.312203465236838
-95.82643376138842	298.2110556401184	28.31199261282656
-95.79208668567453	298.7098745181522	28.31191976376514
-95.75773960996065	299.20869339618605	28.311846914703718
-95.72339253424677	299.7075122742199	28.311774065642297
-95.68904545853289	300.2063311522537	28.311701216580875
-95.654698382819	300.70515003028754	28.311628367519454
-95.59011668644465	301.2009615387051	28.311237708943715
-95.52553499007028	301.69677304712263	28.310847050367975
-95.46095329369592	302.1925845555402	28.310456391792236
-95.39637159732156	302.6883960639577	28.310065733216497
-95.3317899009472	303.18420757237527	28.309675074640758
-95.25419134881469	303.6781493324769	28.309626756150497
-95.17659279668217	304.1720910925785	28.309578437660235
-95.07872257322843	304.6624156293399	28.307770673613568
-94.9808523497747	305.15274016610124	28.3059629095669
-94.87112187108337	305.64055075361944	28.30619258618177
-94.76139139239206	306.12836134113763	28.306422262796637
-94.65166091370074	306.61617192865583	28.306651939411505
-94.52154297907506	307.09894395682267	28.307353301267604
-94.39142504444939	307.5817159849895	28.308054663123702
-94.26130710982372	308.06448801315634	28.3087560249798
-94.11316007844256	308.5420362144002	28.30917145455572
-93.9650130470614	309.01958441564403	28.30958688413164
-93.81686601568025	309.4971326168879	28.31000231370756
-93.66871898429909	309.97468081813173	28.31041774328348
-93.5033663816467	310.44654704860534	28.309536077413526
-93.33801377899431	310.91841327907895	28.30865441154357
-93.17266117634192	311.39027950955256	28.307772745673617
-92.9941209229809	311.85731403493736	28.306313284009917
-92.81558066961988	312.32434856032216	28.304853822346217
-92.6229244103978	312.78573418471746	28.30223248987767
-92.43026815117572	313.24711980911275	28.299611157409124
-92.23761189195365	313.70850543350804	28.296989824940578
-92.04495563273157	314.1698910579033	28.29436849247203
-91.83220323102582	314.6223690803213	28.294602580471967
-91.61945082932006	315.0748471027392	28.294836668471902
-91.4066984276143	315.5273251251572	28.295070756471837
-91.19394602590855	315.9798031475751	28.295304844471772
-90.95289242407286	316.4178574625553	28.2965610965545
-90.71183882223717	316.8559117775354	28.297817348637224
-90.47078522040148	317.2939660925156	28.29907360071995
-90.20415213285831	317.7169246534565	28.29548858273193
-89.93751904531514	318.1398832143974	28.29190356474391
-89.67088595777197	318.5628417753383	28.288318546755892
-89.4042528702288	318.9858003362792	28.284733528767873
-89.13761978268563	319.40875889722014	28.281148510779854
-88.87098669514246	319.83171745816105	28.277563492791835
-88.6043536075993	320.25467601910196	28.273978474803815
-88.33772052005612	320.6776345800429	28.270393456815796
-88.07108743251295	321.1005931409838	28.266808438827777
-87.7756405548926	321.50394749149245	28.270859417734567
-87.48019367727225	321.9073018420011	28.274910396641356
-87.1847467996519	322.3106561925098	28.278961375548146
-86.88929992203155	322.71401054301845	28.283012354454936
-86.5733952533162	323.10154849548036	28.278702402543857
-86.25749058460086	323.48908644794227	28.274392450632778
-85.94158591588551	323.8766244004042	28.2700824987217
-85.62568124717016	324.2641623528661	28.26577254681062
-85.30977657845482	324.651700305328	28.26146259489954
-84.99387190973947	325.0392382577899	28.257152642988462
-84.65306827130475	325.405083502654	28.260336483436916
-84.31226463287003	325.7709287475181	28.26352032388537
-83.9714609944353	326.1367739923822	28.266704164333824
-83.63065735600058	326.5026192372463	28.269888004782278
-83.28985371756586	326.86846448211037	28.27307184523073
-82.92606539438191	327.211473694398	28.274725991782272
-82.56227707119795	327.5544829066857	28.276380138333813
-82.198488748014	327.89749211897333	28.278034284885354
-81.83470042483005	328.240501331261	28.279688431436895
-81.47091210164609	328.58351054354864	28.281342577988436
-81.10712377846214	328.9265197558363	28.282996724539977
-80.74333545527819	329.26952896812395	28.284650871091518
-80.35651861124227	329.58633854176816	28.286754015752507
-79.96970176720635	329.90314811541236	28.288857160413496
-79.58288492317043	330.21995768905657	28.290960305074485
-79.1960680791345	330.5367672627008	28.293063449735474
-78.80925123509859	330.853576836345	28.295166594396463
-78.40374627896394	331.14609145020813	28.296131595295147
-77.99824132282929	331.4386060640713	28.297096596193832
-77.59273636669464	331.7311206779344	28.298061597092516
-77.18723141055999	332.0236352917976	28.2990265979912
-76.78172645442534	332.3161499056607	28.299991598889886
-76.35918867107682	332.5834723106823	28.300735518519424
-75.9366508877283	332.85079471570384	28.301479438148963
-75.51411310437979	333.1181171207254	28.3022233577785
-75.09157532103127	333.38543952574696	28.30296727740804
-74.66903753768275	333.6527619307685	28.30371119703758
-74.23174460472572	333.8951822468739	28.301012841020114
-73.79445167176868	334.1376025629793	28.29831448500265
-73.35715873881165	334.38002287908466	28.295616128985184
-72.91986580585461	334.62244319519004	28.29291777296772
-72.47097421816193	334.84264847816956	28.290473218477803
-72.02208263046924	335.0628537611491	28.288028663987888
-71.57319104277656	335.2830590441286	28.28558410949797
-71.11525564862137	335.48379535176616	28.285253086874253
-70.65732025446619	335.6845316594037	28.284922064250534
-70.199384860311	335.8852679670413	28.284591041626815
-69.74144946615581	336.0860042746788	28.284260019003096
-69.27744040731872	336.27224369708364	28.287495889742047
-68.81343134848163	336.45848311948845	28.290731760481
-68.34942228964454	336.64472254189326	28.29396763121995
-67.87735154847319	336.8094850961713	28.29238142892357
-67.40528080730184	336.9742476504493	28.29079522662719
-66.93321006613048	337.1390102047273	28.28920902433081
-66.46113932495913	337.3037727590053	28.28762282203443
-65.98906858378778	337.4685353132833	28.28603661973805
-65.51699784261643	337.63329786756134	28.28445041744167
-65.03714501262766	337.7737848926347	28.282292330833855
-64.55729218263889	337.91427191770805	28.28013424422604
-64.07743935265012	338.0547589427814	28.277976157618227
-63.59758652266134	338.19524596785476	28.275818071010413
-63.11773369267256	338.3357329929281	28.2736599844026
-62.63788086268378	338.47622001800147	28.271501897794785
-62.14825229296907	338.57753066238035	28.271632491294472
-61.65862372325436	338.67884130675924	28.27176308479416
-61.16899515353965	338.7801519511381	28.271893678293846
-60.67936658382494	338.881462595517	28.272024271793534
-60.189738014110226	338.9827732398959	28.27215486529322
-59.700109444395515	339.0840838842748	28.272285458792908
-59.210480874680805	339.18539452865366	28.272416052292595
-58.71609396521036	339.2601033824854	28.272829456947314
-58.22170705573992	339.33481223631713	28.273242861602032
-57.72732014626948	339.40952109014887	28.27365626625675
-57.232933236799035	339.4842299439806	28.27406967091147
-56.73854632732859	339.55893879781235	28.274483075566188
-56.24333715485308	339.62798858673864	28.274436757619753
-56.2141239962657	339.6320619410835	28.27443402525212
-56.2141239962657	339.6320619410835	28.27443402525212
-55.71662958022659	339.68202967728473	28.27284300393461
-55.21903624225679	339.7310146967622	28.271686338525072
-54.721442904286995	339.7799997162397	28.270529673115533
-54.22376048302949	339.82807918460196	28.269773172447863
-53.72607806177198	339.87615865296425	28.269016671780193
-53.22817039865766	339.92185111411465	28.26861917202076
-52.73026273554334	339.96754357526504	28.268221672261326
-52.23235507242902	340.01323603641544	28.267824172501893
-51.7343229367561	340.0575521993996	28.267560476788837
-51.23629080108318	340.10186836238375	28.267296781075782
-50.73825866541026	340.1461845253679	28.267033085362726
-50.24002612182722	340.1881848211557	28.267587764114857
-49.741793578244184	340.23018511694346	28.26814244286699
-49.24356103466115	340.27218541273123	28.26869712161912
-48.74511511234776	340.3115445227149	28.270285514028785
-48.246669190034375	340.35090363269853	28.27187390643845
-47.748132402043524	340.38912250655284	28.27249736539815
-47.24959561405267	340.42734138040714	28.273120824357846
-46.75105882606182	340.46556025426145	28.273744283317544
-46.25250215464785	340.5035238426128	28.27363775581726
-45.75394548323388	340.5414874309642	28.273531228316973
-45.255388811819905	340.57945101931557	28.273424700816687
-44.756913390388945	340.61845925052614	28.274207086300876
-44.258437968957985	340.6574674817367	28.274989471785066
-43.759962547527024	340.6964757129473	28.275771857269255
-43.261487126096064	340.73548394415786	28.276554242753445
-42.763205168464445	340.7767915104393	28.27951661793391
-42.26471883906172	340.81565671618046	28.280452129183058
-41.766232509659	340.8545219219216	28.281387640432204
-41.267746180256275	340.8933871276628	28.28232315168135
-40.76925985085355	340.93225233340394	28.283258662930496
-40.27061801433151	340.96907254193826	28.282489823925633
-39.77197617780947	341.0058927504726	28.28172098492077
-39.27333434128743	341.0427129590069	28.280952145915908
-38.77464664457073	341.0789069708041	28.280194086935907
-38.27595894785403	341.1151009826013	28.279436027955906
-37.77727125113733	341.1512949943985	28.278677968975906
-37.27858355442063	341.1874890061957	28.277919909995905
-36.779841340059235	341.22292936091753	28.2774899436243
-36.28109912569784	341.2583697156394	28.277059977252694
-35.782227893324894	341.29193614435417	28.277947881543962
-35.283356660951945	341.32550257306895	28.27883578583523
-34.784485428578996	341.3590690017837	28.2797236901265
-34.28552060645707	341.39116855791883	28.28165365923552
-33.78655578433514	341.42326811405394	28.28358362834454
-33.28790914936659	341.46000975223143	28.284842778285352
-32.78926251439804	341.4967513904089	28.286101928226163
-32.29061587942949	341.5334930285864	28.287361078166974
-31.791969244460933	341.5702346667639	28.288620228107785
-31.293322609492378	341.6069763049414	28.289879378048596
-30.794675974523823	341.6437179431189	28.291138527989407
-30.29801785653911	341.7014176929203	28.292343813323637
-29.8013597385544	341.75911744272173	28.293549098657866
-29.304701620569688	341.81681719252316	28.294754383992096
-28.808043502584976	341.8745169423246	28.295959669326326
-28.31408742933616	341.95201406897417	28.297221834793433
-27.82013135608734	342.02951119562374	28.29848400026054
-27.326175282838523	342.1070083222733	28.299746165727647
-26.832219209589706	342.1845054489229	28.301008331194755
-26.34486258046341	342.2962277209291	28.302292848392344
-25.857505951337114	342.4079499929353	28.303577365589934
-25.370149322210818	342.5196722649415	28.304861882787524
-24.88279269308452	342.6313945369477	28.306146399985114
-24.395436063958226	342.7431168089539	28.307430917182703
-23.90807943483193	342.8548390809601	28.308715434380293
-23.420722805705633	342.9665613529663	28.309999951577883
-22.933366176579337	343.0782836249725	28.311284468775472
-22.44600954745304	343.19000589697873	28.312568985973062
-21.958652918326745	343.30172816898494	28.31385350317065
-21.47129628920045	343.41345044099114	28.31513802036824
-20.983939660074153	343.52517271299735	28.31642253756583
-20.496583030947857	343.63689498500355	28.31770705476342
-20.00922640182156	343.74861725700976	28.31899157196101
-19.521869772695265	343.86033952901596	28.3202760891586
-19.03451314356897	343.97206180102216	28.32156060635619
-18.547156514442673	344.08378407302837	28.32284512355378
-18.059799885316377	344.1955063450346	28.32412964075137
-17.57244325619008	344.3072286170408	28.32541415794896
-17.085086627063784	344.418950889047	28.32669867514655
-16.59772999793749	344.5306731610532	28.32798319234414
-16.110373368811192	344.6423954330594	28.32926770954173
-15.623016739684896	344.7541177050656	28.330552226739318
-15.1356601105586	344.8658399770718	28.331836743936908
-14.648303481432304	344.977562249078	28.333121261134497
-14.160946852306008	345.0892845210842	28.334405778332087
-13.673590223179712	345.2010067930904	28.335690295529677
-13.186233594053416	345.3127290650966	28.336974812727266
-12.69887696492712	345.4244513371028	28.338259329924856
-12.211520335800824	345.536173609109	28.339543847122446
-11.724163706674528	345.64789588111523	28.340828364320036
-11.338825026643462	345.73623142484576	28.34184399462407
-11.338825026643462	345.73623142484576	28.34184399462407
-10.83906760259803	345.75180305927677	28.341640739558088
-10.339152228122039	345.76098304627806	28.342229128193146
-9.839236853646048	345.77016303327935	28.342817516828205
-9.33926152824298	345.77509508342246	28.343408168571823
-8.839286202839913	345.78002713356557	28.34399882031544
-8.339310877436846	345.7849591837087	28.34458947205906
-7.839335552033778	345.7898912338518	28.345180123802677
-7.339335640158799	345.7900405044102	28.34543672332298
-6.83933572828382	345.79018977496855	28.34569332284328
-6.339335816408841	345.79033904552693	28.345949922363584
-5.839335904533862	345.7904883160853	28.346206521883886
-5.339350686734056	345.7868906154195	28.344850597255054
-4.83936546893425	345.7832929147537	28.34349467262622
-4.339380251134443	345.7796952140879	28.34213874799739
-3.8393950333346365	345.7760975134221	28.340782823368556
-3.339415506323678	345.77162485587945	28.340098787986417
-2.839435979312719	345.7671521983368	28.339414752604277
-2.33945645230176	345.7626795407942	28.338730717222138
-1.839476925290801	345.75820688325155	28.338046681839998
-1.3394973982798422	345.7537342257089	28.33736264645786
-0.8395178712688833	345.7492615681663	28.33667861107572
-0.3395383442579245	345.74478891062364	28.33599457569358
0.1603746353716523	345.73546916676446	28.335600656567987
0.6602876150012291	345.7261494229053	28.335206737442395
1.160200594630806	345.7168296790461	28.334812818316802
1.6601135742603828	345.7075099351869	28.33441889919121
2.1600265538899595	345.69819019132774	28.334024980065617
2.659939533519536	345.68887044746856	28.333631060940025
3.159429487824567	345.66629363759296	28.33390162368623
3.6589194421295974	345.64371682771736	28.334172186432436
4.158409396434628	345.62114001784175	28.334442749178642
4.657899350739659	345.59856320796615	28.334713311924848
5.15682423741855	345.5657945270006	28.334299790179717
5.655749124097441	345.53302584603506	28.333886268434586
6.154674010776332	345.5002571650695	28.333472746689456
6.653598897455223	345.46748848410397	28.333059224944325
7.151333977491239	345.4199516652401	28.332856854388158
7.649069057527256	345.3724148463762	28.33265448383199
8.146804137563272	345.32487802751234	28.332452113275824
8.643313732891142	345.26590158608934	28.332418880291556
9.139823328219013	345.20692514466634	28.332385647307287
9.636332923546883	345.14794870324334	28.33235241432302
10.131098653479928	345.07579022738713	28.332188567040067
10.625864383412972	345.0036317515309	28.332024719757115
11.120630113346017	344.9314732756747	28.331860872474163
11.613000001168182	344.84445945103056	28.33255936140269
12.105369888990346	344.7574456263864	28.33325785033122
12.59773977681251	344.67043180174227	28.333956339259746
13.087333122429163	344.56895100104435	28.334011272010006
13.576926468045816	344.46747020034644	28.334066204760266
14.066519813662469	344.3659893996485	28.334121137510525
14.551995349727656	344.24635034563886	28.334095881002725
15.037470885792844	344.1267112916292	28.334070624494924
15.522946421858032	344.0070722376195	28.334045367987123
16.004698623378733	343.8732269332031	28.33454618295975
16.486450824899435	343.7393816287867	28.335046997932373
16.968203026420138	343.6055363243703	28.335547812905
17.44995522794084	343.4716910199539	28.336048627877624
17.925590944095504	343.317518555512	28.337280182159997
18.401226660250167	343.1633460910701	28.33851173644237
18.87686237640483	343.0091736266282	28.339743290724744
19.347806527785657	342.84121450264075	28.34090042061015
19.818750679166484	342.6732553786533	28.342057550495557
20.28969483054731	342.5052962546659	28.343214680380964
20.76063898192814	342.33733713067846	28.34437181026637
21.2248658488167	342.1516172684468	28.345616330847818
21.689092715705264	341.9658974062151	28.346860851429266
22.153319582593827	341.7801775439834	28.348105372010714
22.61754644948239	341.59445768175175	28.349349892592162
23.07327674417297	341.38877215595465	28.35118373522953
23.529007038863547	341.18308663015756	28.353017577866897
23.984737333554126	340.97740110436047	28.354851420504264
24.43171019864148	340.75331770160454	28.356224914202265
24.878683063728833	340.5292342988486	28.357598407900266
25.325655928816186	340.3051508960927	28.358971901598267
25.77262879390354	340.0810674933368	28.360345395296267
26.211706189032885	339.84188528068347	28.362051336885933
26.65078358416223	339.60270306803017	28.3637572784756
27.089860979291576	339.36352085537686	28.365463220065266
27.52893837442092	339.12433864272356	28.36716916165493
27.95992481103251	338.87086211215586	28.367752178132847
28.3909112476441	338.61738558158817	28.36833519461076
28.821897684255692	338.36390905102047	28.368918211088676
29.252884120867282	338.1104325204528	28.36950122756659
29.678333042020537	337.8477695947831	28.370685697137873
30.10378196317379	337.5851066691134	28.371870166709154
30.529230884327045	337.32244374344367	28.373054636280436
30.945903383416073	337.0460687979552	28.374012764214314
31.3625758825051	336.7696938524667	28.37497089214819
31.77924838159413	336.4933189069782	28.37592902008207
32.19592088068316	336.2169439614897	28.376887148015946
32.6020788118503	335.9253353416499	28.376502719656866
33.008236743017434	335.6337267218101	28.376118291297786
33.41439467418457	335.3421181019703	28.375733862938706
33.810916754680775	335.03753661596085	28.375135482428334
34.20743883517698	334.7329551299514	28.374537101917962
34.603960915673184	334.42837364394194	28.37393872140759
34.99070146382945	334.1114648135157	28.37320278006436
35.37744201198572	333.7945559830894	28.37246683872113
35.76418256014199	333.47764715266317	28.3717308973779
36.15092310829826	333.1607383222369	28.37099495603467
36.52753246753829	332.831858483716	28.369139599660024
36.90414182677833	332.5029786451951	28.367284243285376
37.280751186018364	332.17409880667424	28.365428886910728
37.6573605452584	331.84521896815335	28.36357353053608
38.021825363013605	331.50293203212004	28.36132630122173
38.38629018076881	331.16064509608674	28.35907907190738
38.750754998524016	330.81835816005344	28.35683184259303
39.11521981627922	330.47607122402013	28.354584613278682
39.46651631921035	330.12027978878956	28.352789719151684
39.81781282214148	329.764488353559	28.350994825024685
40.169109325072604	329.4086969183284	28.349199930897687
40.504216978717785	329.03761854925284	28.34727523023712
40.83932463236297	328.66654018017726	28.345350529576553
41.17443228600815	328.2954618111017	28.343425828915986
41.50953993965333	327.9243834420261	28.34150112825542
41.83455878914516	327.54443300280025	28.340859873955797
42.159577638636996	327.1644825635744	28.340218619656174
42.48459648812883	326.7845321243485	28.33957736535655
42.80961533762066	326.40458168512265	28.338936111056928
43.134634187112496	326.0246312458968	28.338294856757305
43.45965303660433	325.6446808066709	28.33765360245768
43.76667850702066	325.2500481276649	28.337013933655054
44.073703977436985	324.8554154486589	28.336374264852427
44.38072944785331	324.4607827696529	28.3357345960498
44.676904138191006	324.05794253100623	28.335191521049698
44.9730788285287	323.6551022923596	28.334648446049595
45.26925351886639	323.2522620537129	28.334105371049493
45.565428209204086	322.84942181506625	28.33356229604939
45.86160289954178	322.4465815764196	28.333019221049287
46.14447076369153	322.03428945571096	28.332029962263658
46.42733862784128	321.62199733500233	28.331040703478028
46.71020649199103	321.2097052142937	28.330051444692398
46.99307435614078	320.7974130935851	28.329062185906768
47.261940487342606	320.3758552961531	28.328898122420448
47.53080661854443	319.9542974987211	28.328734058934128
47.79967274974626	319.5327397012891	28.328569995447808
48.06853888094808	319.1111819038571	28.328405931961488
48.326224607537036	318.682698939678	28.32776116793741
48.58391033412599	318.25421597549894	28.327116403913333
48.84159606071494	317.82573301131987	28.326471639889256
49.09108474425926	317.39242567302466	28.326855518555472
49.340573427803584	316.95911833472945	28.32723939722169
49.590062111347905	316.52581099643425	28.327623275887905
49.839550794892226	316.09250365813904	28.328007154554122
50.0783650704314	315.6532233205938	28.327281313783402
50.31717934597058	315.2139429830485	28.326555473012682
50.55599362150976	314.77466264550327	28.325829632241962
50.79480789704893	314.335382307958	28.325103791471243
51.03362217258811	313.89610197041276	28.324377950700523
51.27243644812729	313.4568216328675	28.323652109929803
51.490597358087285	313.0069262938025	28.323687507916805
51.70875826804728	312.5570309547375	28.323722905903807
51.92691917800728	312.1071356156725	28.32375830389081
52.14508008796728	311.6572402766075	28.32379370187781
52.36324099792728	311.20734493754253	28.323829099864813
52.581401907887276	310.75744959847754	28.323864497851815
52.799562817847274	310.30755425941254	28.323899895838817
53.01772372780727	309.85765892034755	28.32393529382582
53.23588463776727	309.40776358128255	28.32397069181282
53.433115203407965	308.9483109124716	28.32214063729948
53.63034576904866	308.4888582436606	28.32031058278614
53.827576334689354	308.02940557484965	28.318480528272797
54.02480690033005	307.5699529060387	28.316650473759456
54.22203746597074	307.1105002372277	28.314820419246114
54.41926803161144	306.65104756841674	28.312990364732773
54.61649859725213	306.1915948996058	28.31116031021943
54.785174455767105	305.7209116922795	28.308757583576334
54.95385031428208	305.25022848495325	28.306354856933236
55.12252617279705	304.779545277627	28.30395213029014
55.291202031312025	304.30886207030073	28.30154940364704
55.459877889827	303.8381788629745	28.299146677003943
55.62855374834197	303.3674956556482	28.296743950360845
55.797229606856945	302.89681244832195	28.294341223717748
55.93629145916277	302.4165408951052	28.293323184416117
56.07535331146859	301.9362693418884	28.292305145114486
56.21441516377441	301.45599778867165	28.291287105812856
56.353477016080234	300.9757262354549	28.290269066511225
56.492538868386056	300.4954546822381	28.289251027209595
56.63160072069188	300.01518312902135	28.288232987907964
56.7706625729977	299.5349115758046	28.287214948606334
56.90972442530352	299.0546400225878	28.286196909304703
57.048786277609345	298.57436846937105	28.285178870003072
57.18784812991517	298.0940969161543	28.284160830701442
57.31961243014619	297.6117712371611	28.28383133347907
57.451376730377206	297.12944555816796	28.2835018362567
57.583141030608225	296.6471198791748	28.28317233903433
57.714905330839244	296.16479420018163	28.28284284181196
57.84666963107026	295.68246852118847	28.28251334458959
57.97843393130128	295.2001428421953	28.282183847367218
58.094459788788775	294.7137957632885	28.280057998569458
58.21048564627627	294.22744868438167	28.277932149771697
58.32651150376376	293.74110160547485	28.275806300973937
58.442537361251254	293.25475452656804	28.273680452176176
58.55856321873875	292.7684074476612	28.271554603378416
58.67458907622624	292.2820603687544	28.269428754580655
58.790614933713734	291.7957132898476	28.267302905782895
58.90664079120123	291.30936621094077	28.265177056985134
59.009307994822336	290.82002074011746	28.264502160440017
59.111975198443446	290.33067526929415	28.2638272638949
59.214642402064555	289.84132979847084	28.263152367349782
59.317309605685665	289.35198432764753	28.262477470804665
59.419976809306775	288.8626388568242	28.261802574259548
59.522644012927884	288.3732933860009	28.26112767771443
59.625311216548994	287.8839479151776	28.260452781169313
59.7279784201701	287.3946024443543	28.259777884624196
59.83064562379121	286.905256973531	28.25910298807908
59.90802932633169	286.4112824604974	28.260074097916785
59.98541302887217	285.91730794746377	28.261045207754492
60.062796731412654	285.42333343443016	28.2620163175922
60.140180433953134	284.92935892139656	28.262987427429906
60.217564136493614	284.43538440836295	28.263958537267612
60.294947839034094	283.94140989532934	28.26492964710532
60.372331541574574	283.44743538229574	28.265900756943026
60.449715244115055	282.95346086926213	28.266871866780733
60.515315597179686	282.4577832514814	28.266330656101168
60.58091595024432	281.9621056337006	28.265789445421603
60.64651630330895	281.46642801591986	28.26524823474204
60.71211665637358	280.9707503981391	28.264707024062474
60.77771700943821	280.47507278035835	28.26416581338291
60.843317362502845	279.9793951625776	28.263624602703345
60.908917715567476	279.48371754479683	28.26308339202378
60.95955513106109	278.9862919219348	28.26118553205807
61.0101925465547	278.4888662990728	28.259287672092363
61.06082996204831	277.9914406762108	28.257389812126654
61.107191332959154	277.4935947381737	28.257177051144698
61.15355270387	276.99574880013665	28.256964290162742
61.19991407478084	276.4979028620996	28.256751529180786
61.24627544569169	276.0000569240625	28.25653876819883
61.29263681660253	275.50221098602543	28.256326007216874
61.338998187513376	275.00436504798836	28.256113246234918
61.38161764355441	274.50618489662907	28.255768632834048
61.42423709959544	274.0080047452698	28.25542401943318
61.46685655563647	273.5098245939105	28.25507940603231
61.5094760116775	273.0116444425512	28.25473479263144
61.55209546771853	272.5134642911919	28.25439017923057
61.59471492375956	272.0152841398326	28.2540455658297
61.62674549630712	271.5163122333715	28.255084307769902
61.658776068854685	271.01734032691036	28.256123049710105
61.69080664140225	270.51836842044924	28.257161791650308
61.72283721394981	270.0193965139881	28.25820053359051
61.75486778649737	269.520424607527	28.259239275530714
61.7786810823227	269.0209920189833	28.25936750372897
61.802494378148026	268.5215594304396	28.259495731927228
61.82630767397335	268.0221268418959	28.259623960125484
61.85012096979868	267.5226942533522	28.25975218832374
61.87393426562401	267.0232616648085	28.259880416521998
61.884871929882195	266.5233814467905	28.260248023422484
61.89580959414038	266.0235012287725	28.26061563032297
61.90674725839857	265.5236210107545	28.260983237223456
61.917684922656754	265.0237407927365	28.261350844123942
61.92862258691494	264.52386057471847	28.26171845102443
61.93956025117313	264.02398035670046	28.262086057924915
61.95049791543131	263.52410013868246	28.2624536648254
61.9614355796895	263.02421992066445	28.262821271725887
61.97004764392434	262.5242943026619	28.26327823379119
61.97865970815918	262.0243686846593	28.263735195856494
61.98727177239402	261.5244430666567	28.264192157921798
61.995883836628856	261.02451744865414	28.2646491199871
62.004495900863695	260.52459183065156	28.265106082052405
62.013107965098534	260.024666212649	28.26556304411771
62.02172002933337	259.5247405946464	28.266020006183012
62.03033209356821	259.0248149766438	28.266476968248316
62.03894415780305	258.52488935864125	28.26693393031362
62.04755622203789	258.02496374063867	28.267390892378923
62.05616828627273	257.5250381226361	28.267847854444227
62.06478035050757	257.0251125046335	28.26830481650953
62.07339241474241	256.52518688663093	28.268761778574834
62.073913682601415	256.4949275725521	28.268789437406806
62.073913682601415	256.4949275725521	28.268789437406806
62.081494407204126	255.99498648852168	28.269991565918932
62.08907513180684	255.49504540449124	28.27119369443106
62.09665585640955	254.9951043204608	28.272395822943185
62.10423658101226	254.49516323643036	28.27359795145531
62.11181730561497	253.99522215239992	28.274800079967438
62.12156164601492	253.49532145183025	28.272717437385158
62.131305986414866	252.99542075126058	28.270634794802877
62.14105032681481	252.4955200506909	28.268552152220597
62.15079466721476	251.99561935012125	28.266469509638316
62.15741522841885	251.4956635338029	28.267061032098912
62.164035789622936	250.99570771748458	28.267652554559508
62.170656350827024	250.49575190116624	28.268244077020103
62.17727691203111	249.9957960848479	28.2688355994807
62.1838974732352	249.49584026852958	28.269427121941295
62.190518034439286	248.99588445221124	28.27001864440189
62.199752606008325	248.49596974668376	28.26991921948083
62.20898717757736	247.99605504115627	28.26981979455977
62.2182217491464	247.49614033562878	28.26972036963871
62.22745632071544	246.9962256301013	28.269620944717648
62.23669089228448	246.4963109245738	28.269521519796587
62.24592546385352	245.99639621904632	28.269422094875527
62.255160035422556	245.49648151351883	28.269322669954466
62.264394606991594	244.99656680799134	28.269223245033405
62.27362917856063	244.49665210246386	28.269123820112345
62.28286375012967	243.99673739693637	28.269024395191284
62.28727204435251	243.49675718370585	28.268429987903826
62.291680338575354	242.99677697047534	28.267835580616367
62.296088632798195	242.49679675724482	28.26724117332891
62.30049692702104	241.9968165440143	28.26664676604145
62.30490522124388	241.4968363307838	28.266052358753992
62.30669834448612	240.9968418834229	28.267581187486584
62.308491467728366	240.49684743606198	28.269110016219177
62.31028459097061	239.99685298870108	28.27063884495177
62.312077714212855	239.49685854134017	28.27216767368436
62.3138708374551	238.99686409397927	28.273696502416954
62.31383880263551	238.4968641016018	28.273615284817815
62.31380676781592	237.99686410922433	28.273534067218677
62.31377473299633	237.49686411684687	28.273452849619538
62.31374269817674	236.9968641244694	28.2733716320204
62.31371066335715	236.49686413209193	28.27329041442126
62.31900338496352	235.99689241883897	28.27276787743145
62.324296106569896	235.496920705586	28.272245340441636
62.32958882817627	234.99694899233305	28.271722803451823
62.334881549782644	234.49697727908008	28.27120026646201
62.34017427138902	233.99700556582712	28.270677729472197
62.339493980333245	233.49700607536036	28.270893916999825
62.33881368927747	232.9970065848936	28.27111010452745
62.3381333982217	232.49700709442683	28.27132629205508
62.33745310716593	231.99700760396007	28.271542479582706
62.336772816110155	231.4970081134933	28.271758667110333
62.34378741003135	230.9970574027415	28.2714718032495
62.35080200395254	230.49710669198967	28.271184939388668
62.35781659787373	229.99715598123785	28.270898075527835
62.36483119179492	229.49720527048603	28.270611211667003
62.37184578571611	228.99725455973422	28.27032434780617
62.37498387343994	228.49726676062028	28.26879035216296
62.378121961163764	227.99727896150634	28.26725635651975
62.38126004888759	227.4972911623924	28.265722360876538
62.384398136611416	226.99730336327846	28.264188365233327
62.385467483471864	226.49730482523313	28.264752678810577
62.38653683033231	225.9973062871878	28.265316992387827
62.38760617719276	225.49730774914246	28.265881305965078
62.388675524053205	224.99730921109713	28.266445619542328
62.38974487091365	224.4973106730518	28.267009933119578
62.3908142177741	223.99731213500647	28.267574246696828
62.39175878162868	223.49731317265946	28.26795562714505
62.39270334548326	222.99731421031245	28.26833700759327
62.393647909337844	222.49731524796545	28.268718388041492
62.394592473192425	221.99731628561844	28.269099768489713
62.395537037047006	221.49731732327143	28.269481148937935
62.39665028242289	220.99731867734286	28.26914239487235
62.39776352779877	220.4973200314143	28.268803640806766
62.398876773174656	219.99732138548572	28.26846488674118
62.39999001855054	219.49732273955715	28.268126132675597
62.40110326392642	218.99732409362858	28.267787378610013
62.407404385660634	218.4973638025477	28.267730746265645
62.413705507394845	217.99740351146684	28.267674113921277
62.420006629129055	217.49744322038597	28.26761748157691
62.426307750863266	216.9974829293051	28.26756084923254
62.43260887259748	216.49752263822424	28.267504216888174
62.432992551784	215.99752330016977	28.266786766268744
62.43337623097052	215.4975239621153	28.266069315649315
62.433759910157036	214.99752462406084	28.265351865029885
62.434143589343556	214.49752528600638	28.264634414410455
62.434527268530076	213.9975259479519	28.263916963791026
62.43971501571143	213.4975535184877	28.263106374589576
62.44490276289278	212.9975810890235	28.262295785388126
62.45009051007413	212.4976086595593	28.261485196186676
62.455278257255486	211.99763623009508	28.260674606985226
62.46046600443684	211.49766380063087	28.259864017783777
62.460243372084356	210.99766392002002	28.260128260021805
62.460020739731874	210.49766403940916	28.260392502259833
62.45979810737939	209.9976641587983	28.26065674449786
62.45957547502691	209.49766427818744	28.26092098673589
62.45935284267443	208.99766439757659	28.26118522897392
62.45991073627755	208.49766472790824	28.261047075868618
62.46046862988067	207.9976650582399	28.260908922763317
62.461026523483795	207.49766538857156	28.260770769658016
62.46158441708692	206.99766571890322	28.260632616552716
62.46580689946413	206.49768474225175	28.26172514994491
62.470029381841336	205.99770376560028	28.2628176833371
62.474251864218544	205.4977227889488	28.263910216729293
62.47847434659575	204.99774181229733	28.265002750121486
62.48269682897296	204.49776083564586	28.26609528351368
62.48691931135017	203.9977798589944	28.26718781690587
62.489536853299036	203.4977872181799	28.267900281279026
62.4921543952479	202.9977945773654	28.26861274565218
62.49477193719677	202.4978019365509	28.269325210025336
62.49738947914563	201.9978092957364	28.27003767439849
62.5000070210945	201.4978166549219	28.270750138771646
62.50039874531466	200.99781783297163	28.26973791325973
62.50079046953483	200.49781901102136	28.26872568774781
62.50118219375499	199.9978201890711	28.267713462235893
62.50157391797516	199.49782136712082	28.266701236723975
62.50196564219532	198.99782254517055	28.265689011212057
62.50696627142368	198.4978476426979	28.26599001750815
62.511966900652034	197.99787274022526	28.266291023804246
62.51696752988039	197.49789783775262	28.26659203010034
62.521968159108745	196.99792293527997	28.266893036396436
62.5269687883371	196.49794803280733	28.26719404269253
62.529043341556694	195.99795240535693	28.26745626285071
62.53111789477629	195.49795677790652	28.267718483008892
62.53319244799588	194.99796115045612	28.267980703167073
62.53526700121547	194.49796552300572	28.268242923325253
62.537341554435066	193.99796989555531	28.268505143483434
62.53941610765466	193.4979742681049	28.268767363641615
62.54149066087425	192.9979786406545	28.269029583799796
62.543565214093846	192.4979830132041	28.269291803957977
62.54563976731344	191.9979873857537	28.269554024116157
62.54771432053303	191.4979917583033	28.269816244274338
62.549788873752625	190.9979961308529	28.27007846443252
62.55186342697222	190.4980005034025	28.2703406845907
62.55393798019181	189.9980048759521	28.27060290474888
62.556012533411405	189.4980092485017	28.27086512490706
62.558087086631	188.99801362105129	28.271127345065242
62.56016163985059	188.49801799360088	28.271389565223423
62.562236193070184	187.99802236615048	28.271651785381604
62.56431074628978	187.49802673870008	28.271914005539784
62.56638529950937	186.99803111124967	28.272176225697965
62.568459852728964	186.49803548379927	28.272438445856146
62.57161769528975	185.9980460402722	28.27167399059707
62.57477553785054	185.4980565967451	28.270909535337992
62.57793338041133	184.99806715321802	28.270145080078915
62.58109122297212	184.49807770969093	28.26938062481984
62.58424906553291	183.99808826616385	28.26861616956076
62.5874069080937	183.49809882263676	28.267851714301685
62.59056475065449	182.99810937910968	28.267087259042608
62.593722593215276	182.4981199355826	28.26632280378353
62.596880435776065	181.9981304920555	28.265558348524454
62.600038278336854	181.49814104852842	28.264793893265377
62.60319612089764	180.99815160500134	28.2640294380063
62.60635396345843	180.49816216147426	28.263264982747224
62.60951180601922	179.99817271794717	28.262500527488147
62.61266964858001	179.4981832744201	28.26173607222907
62.6158274911408	178.998193830893	28.260971616969993
62.61898533370159	178.49820438736592	28.260207161710916
62.62214317626238	177.99821494383883	28.25944270645184
62.625301018823166	177.49822550031175	28.258678251192762
62.628458861383955	176.99823605678466	28.257913795933685
62.631616703944744	176.49824661325758	28.25714934067461
62.63997374281526	175.99831673259837	28.25767310149177
62.64833078168577	175.49838685193916	28.258196862308928
62.656687820556286	174.99845697127995	28.258720623126088
62.6650448594268	174.49852709062074	28.259244383943248
62.673401898297314	173.99859720996153	28.259768144760407
62.68175893716783	173.49866732930232	28.260291905577567
62.69011597603834	172.9987374486431	28.260815666394727
62.698473014908856	172.4988075679839	28.261339427211887
62.70683005377937	171.9988776873247	28.261863188029047
62.715187092649884	171.49894780666548	28.262386948846206
62.7235441315204	170.99901792600627	28.262910709663366
62.73190117039091	170.49908804534707	28.263434470480526
62.74025820926143	169.99915816468786	28.263958231297686
62.74861524813194	169.49922828402865	28.264481992114845
62.756972287002455	168.99929840336944	28.265005752932005
62.76967136910342	168.49945979990054	28.264683578986407
62.782370451204386	167.99962119643163	28.26436140504081
62.79506953330535	167.49978259296273	28.26403923109521
62.80776861540632	166.99994398949383	28.263717057149613
62.82046769750728	166.50010538602493	28.263394883204015
62.83316677960825	166.00026678255603	28.263072709258417
62.845865861709214	165.50042817908712	28.26275053531282
62.85856494381018	165.00058957561822	28.26242836136722
62.871264025911145	164.50075097214932	28.262106187421622
62.88396310801211	164.00091236868042	28.261784013476024
62.89666219011308	163.50107376521152	28.261461839530426
62.90936127221404	163.0012351617426	28.261139665584828
62.92206035431501	162.5013965582737	28.26081749163923
62.93475943641597	162.0015579548048	28.260495317693632
62.95436428704574	161.50194257406415	28.260843396909188
62.97396913767551	161.00232719332348	28.261191476124743
62.99357398830528	160.50271181258282	28.2615395553403
63.01317883893505	160.00309643184215	28.261887634555855
63.032783689564816	159.5034810511015	28.26223571377141
63.052388540194585	159.00386567036082	28.262583792986966
63.07199339082435	158.50425028962016	28.262931872202522
63.09159824145412	158.0046349088795	28.263279951418077
63.11120309208389	157.50501952813883	28.263628030633633
63.13080794271366	157.00540414739817	28.26397610984919
63.15041279334343	156.5057887666575	28.264324189064745
63.17446216785033	156.00636865973442	28.265412484406298
63.19851154235723	155.50694855281134	28.26650077974785
63.22256091686413	155.00752844588825	28.267589075089404
63.246610291371034	154.50810833896517	28.268677370430957
63.270659665877936	154.0086882320421	28.26976566577251
63.29470904038484	153.509268125119	28.270853961114064
63.31875841489174	153.00984801819592	28.271942256455617
63.34280778939864	152.51042791127284	28.27303055179717
63.36685716390554	152.01100780434976	28.274118847138723
63.390906538412445	151.51158769742668	28.275207142480276
63.417366277842746	151.01228839442635	28.275504148677083
63.44382601727305	150.51298909142602	28.27580115487389
63.47028575670335	150.0136897884257	28.276098161070696
63.49674549613365	149.51439048542537	28.276395167267502
63.52320523556395	149.01509118242504	28.27669217346431
63.54966497499425	148.5157918794247	28.276989179661115
63.57612471442455	148.01649257642438	28.27728618585792
63.60258445385485	147.51719327342406	28.277583192054728
63.629044193285154	147.01789397042373	28.277880198251534
63.65920380425756	146.51880441613378	28.278001295949878
63.68936341522996	146.01971486184382	28.27812239364822
63.71952302620237	145.52062530755387	28.278243491346565
63.74968263717477	145.02153575326392	28.27836458904491
63.779842248147176	144.52244619897397	28.278485686743252
63.81000185911958	144.02335664468401	28.278606784441596
63.840161470091985	143.52426709039406	28.27872788213994
63.87032108106439	143.0251775361041	28.278848979838283
63.900480692036794	142.52608798181416	28.278970077536627
63.9306403030092	142.0269984275242	28.27909117523497
63.9607999139816	141.52790887323425	28.279212272933314
63.9933029848634	141.0289673663807	28.278251480580902
64.02580605574519	140.53002585952714	28.27729068822849
64.058309126627	140.0310843526736	28.276329895876078
64.0908121975088	139.53214284582003	28.275369103523666
64.1233152683906	139.03320133896648	28.274408311171253
64.1558183392724	138.53425983211292	28.27344751881884
64.1883214101542	138.03531832525937	28.27248672646643
64.220824481036	137.5363768184058	28.271525934114017
64.2533275519178	137.03743531155226	28.270565141761605
64.27994840118224	136.53814589194107	28.271750826697847
64.30656925044667	136.03885647232988	28.27293651163409
64.3331900997111	135.5395670527187	28.27412219657033
64.35981094897554	135.0402776331075	28.275307881506574
64.38643179823997	134.54098821349632	28.276493566442817
64.4130526475044	134.04169879388513	28.27767925137906
64.43967349676883	133.54240937427394	28.2788649363153
64.46629434603327	133.04311995466276	28.280050621251544
64.4929151952977	132.54383053505157	28.281236306187786
64.51953604456213	132.04454111544038	28.28242199112403
64.54833794107444	131.54537148708195	28.28278652067353
64.57713983758674	131.04620185872352	28.28315105022303
64.60594173409905	130.5470322303651	28.28351557977253
64.63474363061135	130.04786260200666	28.28388010932203
64.66354552712366	129.54869297364823	28.28424463887153
64.69234742363597	129.0495233452898	28.28460916842103
64.72114932014827	128.55035371693137	28.284973697970532
64.74995121666058	128.05118408857294	28.285338227520032
64.77875311317288	127.5520144602145	28.285702757069533
64.80755500968519	127.05284483185605	28.286067286619033
64.8363569061975	126.5536752034976	28.286431816168534
64.86598192346212	126.05455362664273	28.28633246842212
64.89560694072674	125.55543204978785	28.286233120675707
64.92523195799136	125.05631047293298	28.286133772929293
64.95485697525598	124.5571888960781	28.28603442518288
64.9844819925206	124.05806731922323	28.285935077436466
65.01410700978522	123.55894574236835	28.285835729690053
65.04373202704984	123.05982416551348	28.28573638194364
65.07335704431446	122.5607025886586	28.285637034197226
65.10298206157908	122.06158101180372	28.285537686450812
65.1326070788437	121.56245943494885	28.2854383387044
65.16113920042062	121.0632741961955	28.28531404437805
65.18967132199754	120.56408895744214	28.285189750051703
65.21820344357445	120.06490371868878	28.285065455725356
65.24673556515137	119.56571847993543	28.284941161399008
65.27526768672828	119.06653324118207	28.28481686707266
65.3037998083052	118.56734800242872	28.284692572746312
65.33233192988212	118.06816276367536	28.284568278419965
65.36086405145903	117.568977524922	28.284443984093617
65.38939617303595	117.06979228616865	28.28431968976727
65.42054735724105	116.57076467083795	28.283298484610704
65.45169854144615	116.07173705550724	28.28227727945414
65.48284972565125	115.57270944017654	28.281256074297573
65.51400090985635	115.07368182484583	28.280234869141008
65.54515209406145	114.57465420951513	28.279213663984443
65.57630327826655	114.07562659418443	28.278192458827878
65.60745446247165	113.57659897885372	28.277171253671312
65.63860564667675	113.07757136352302	28.276150048514747
65.66975683088185	112.57854374819232	28.275128843358182
65.69863810835383	112.07937979081979	28.27402635899214
65.72751938582581	111.58021583344726	28.272923874626095
65.7564006632978	111.08105187607472	28.27182139026005
65.78528194076978	110.5818879187022	28.270718905894007
65.81416321824176	110.08272396132966	28.269616421527964
65.84304449571374	109.58356000395713	28.26851393716192
65.87192577318572	109.0843960465846	28.267411452795876
65.9008070506577	108.58523208921207	28.266308968429833
65.92968832812969	108.08606813183954	28.26520648406379
65.95856960560167	107.58690417446701	28.264103999697745
65.98745088307365	107.08774021709448	28.263001515331702
66.01874936902819	106.58872216292427	28.264178965596905
66.05004785498272	106.08970410875406	28.265356415862108
66.08134634093726	105.59068605458386	28.26653386612731
66.1126448268918	105.09166800041365	28.267711316392514
66.14394331284633	104.59264994624344	28.268888766657717
66.17524179880087	104.09363189207323	28.27006621692292
66.2065402847554	103.59461383790303	28.271243667188124
66.23783877070994	103.09559578373282	28.272421117453327
66.26913725666448	102.59657772956261	28.27359856771853
66.30043574261902	102.0975596753924	28.274776017983733
66.3265570669636	101.5982436431619	28.2758606248516
66.35267839130819	101.09892761093138	28.276945231719466
66.37879971565278	100.59961157870087	28.278029838587333
66.40492103999736	100.10029554647036	28.2791144454552
66.43104236434195	99.60097951423985	28.280199052323066
66.45716368868653	99.10166348200934	28.281283659190933
66.48328501303112	98.60234744977883	28.2823682660588
66.50940633737571	98.10303141754832	28.283452872926667
66.5355276617203	97.60371538531781	28.284537479794533
66.55629491227775	97.10414762649366	28.285418188424735
66.5770621628352	96.6045798676695	28.286298897054937
66.59782941339266	96.10501210884534	28.28717960568514
66.61859666395011	95.60544435002119	28.28806031431534
66.63936391450757	95.10587659119703	28.288941022945544
66.66013116506502	94.60630883237287	28.289821731575746
66.68089841562248	94.10674107354872	28.290702440205948
66.70166566617993	93.60717331472456	28.29158314883615
66.72243291673739	93.1076055559004	28.292463857466352
66.74320016729484	92.60803779707625	28.293344566096554
66.7639674178523	92.1084700382521	28.294225274726756
66.78473466840975	91.60890227942794	28.295105983356958
66.80550191896721	91.10933452060378	28.29598669198716
66.82626916952466	90.60976676177962	28.296867400617362
66.84703642008212	90.11019900295547	28.297748109247564
66.86780367063957	89.61063124413131	28.298628817877766
66.88496106746607	89.19790052389726	28.29935643790693
66.88496106746607	89.19790052389726	28.29935643790693
66.89002153765585	88.69792671202468	28.29859546283173
66.89508200784564	88.1979529001521	28.297834487756532
66.90014247803543	87.69797908827952	28.297073512681333
66.90520294822522	87.19800527640695	28.296312537606134
66.91026341841501	86.69803146453437	28.295551562530935
66.9153238886048	86.19805765266179	28.294790587455736
66.92038435879459	85.69808384078921	28.294029612380537
66.92544482898438	85.19811002891663	28.29326863730534
66.93050529917417	84.69813621704405	28.29250766223014
66.93556576936396	84.19816240517147	28.29174668715494
66.94062623955375	83.6981885932989	28.290985712079742
66.94568670974354	83.19821478142632	28.290224737004543
66.95074717993333	82.69824096955374	28.289463761929344
66.95580765012312	82.19826715768116	28.288702786854145
66.96086812031291	81.69829334580858	28.287941811778946
66.9659285905027	81.198319533936	28.287180836703747
66.97098906069249	80.69834572206342	28.28641986162855
66.97604953088228	80.19837191019084	28.28565888655335
66.98111000107207	79.69839809831826	28.28489791147815
66.98617047126186	79.19842428644569	28.284136936402952
66.9877556851606	78.69842770297339	28.2850875219741
66.98934089905933	78.1984311195011	28.286038107545245
66.99092611295806	77.6984345360288	28.286988693116392
66.9925113268568	77.1984379525565	28.28793927868754
66.99409654075554	76.69844136908421	28.288889864258685
66.99568175465427	76.19844478561191	28.289840449829832
66.997266968553	75.69844820213962	28.29079103540098
66.99885218245174	75.19845161866732	28.291741620972125
67.00043739635048	74.69845503519502	28.292692206543272
67.00484505904026	74.1984884288619	28.29642919214187
67.00925272173005	73.69852182252879	28.300166177740465
67.01366038441984	73.19855521619567	28.30390316333906
67.01806804710962	72.69858860986255	28.307640148937658
67.02247570979941	72.19862200352944	28.311377134536254
67.0268833724892	71.69865539719632	28.31511412013485
67.03129103517898	71.1986887908632	28.318851105733447
67.03450872103149	70.69869991995412	28.31973171053499
67.03772640688399	70.19871104904504	28.320612315336536
67.0409440927365	69.69872217813597	28.32149292013808
67.044161778589	69.19873330722689	28.322373524939625
67.0473794644415	68.69874443631781	28.32325412974117
67.05059715029401	68.19875556540873	28.324134734542714
67.05381483614651	67.69876669449965	28.325015339344258
67.05703252199902	67.19877782359058	28.325895944145802
67.06025020785152	66.6987889526815	28.326776548947347
67.06346789370403	66.19880008177242	28.32765715374889
67.06668557955653	65.69881121086334	28.328537758550436
67.06990326540904	65.19882233995426	28.32941836335198
67.07312095126154	64.69883346904518	28.330298968153524
67.07633863711405	64.1988445981361	28.33117957295507
67.07955632296655	63.69885572722703	28.332060177756613
67.08277400881906	63.19886685631795	28.332940782558158
67.08599169467156	62.69887798540887	28.333821387359702
67.08920938052407	62.19888911449979	28.334701992161246
67.09242706637657	61.698900243590714	28.33558259696279
67.09564475222908	61.198911372681636	28.336463201764335
67.09886243808158	60.69892250177256	28.33734380656588
67.10208012393409	60.19893363086348	28.338224411367424
67.10529780978659	59.6989447599544	28.33910501616897
67.1085154956391	59.19895588904532	28.339985620970513
67.1117331814916	58.698967018136244	28.340866225772057
67.11361611244716	58.19897057264259	28.340771016930777
67.11549904340272	57.69897412714893	28.340675808089497
67.11738197435828	57.19897768165527	28.340580599248216
67.11926490531384	56.698981236161615	28.340485390406936
67.1211478362694	56.19898479066796	28.340390181565656
67.12303076722496	55.6989883451743	28.340294972724376
67.12491369818052	55.19899189968064	28.340199763883096
67.12679662913608	54.698995454186985	28.340104555041815
67.12867956009164	54.19899900869333	28.340009346200535
67.1305624910472	53.69900256319967	28.339914137359255
67.13244542200276	53.19900611770601	28.339818928517975
67.13432835295832	52.699009672212355	28.339723719676694
67.13621128391388	52.1990132267187	28.339628510835414
67.13809421486944	51.69901678122504	28.339533301994134
67.139977145825	51.19902033573138	28.339438093152854
67.14186007678056	50.699023890237726	28.339342884311574
67.14498875311746	50.19903516438474	28.34056165594051
67.14811742945436	49.69904643853175	28.341780427569443
67.15124610579126	49.199057712678766	28.342999199198378
67.15437478212816	48.69906898682578	28.344217970827312
67.15750345846506	48.19908026097279	28.345436742456247
67.16063213480196	47.699091535119805	28.34665551408518
67.16376081113886	47.19910280926682	28.347874285714116
67.16688948747576	46.69911408341383	28.34909305734305
67.17001816381266	46.199125357560845	28.350311828971986
67.17314684014956	45.69913663170786	28.35153060060092
67.17627551648646	45.19914790585487	28.352749372229855
67.17940419282336	44.699159180001885	28.35396814385879
67.18253286916026	44.1991704541489	28.355186915487725
67.18566154549715	43.69918172829591	28.35640568711666
67.18879022183405	43.199193002442925	28.357624458745594
67.19191889817095	42.69920427658994	28.35884323037453
67.19504757450785	42.19921555073695	28.360062002003463
67.19817625084475	41.699226824883965	28.361280773632398
67.20130492718165	41.19923809903098	28.362499545261333
67.20443360351855	40.69924937317799	28.363718316890267
67.20756227985545	40.199260647325005	28.364937088519202
67.21069095619235	39.69927192147202	28.366155860148137
67.21381963252925	39.19928319561903	28.36737463177707
67.21549066787861	38.69928600576638	28.367241288918397
67.21716170322797	38.19928881591373	28.367107946059722
67.21883273857733	37.69929162606108	28.366974603201047
67.2205037739267	37.19929443620843	28.366841260342373
67.22217480927605	36.69929724635578	28.366707917483698
67.22384584462542	36.199300056503134	28.366574574625023
67.22551687997478	35.699302866650484	28.36644123176635
67.22718791532414	35.199305676797835	28.366307888907674
67.2288589506735	34.699308486945185	28.366174546049
67.23052998602286	34.199311297092535	28.366041203190324
67.23220102137222	33.699314107239886	28.36590786033165
67.23387205672158	33.199316917387236	28.365774517472975
67.23554309207094	32.699319727534586	28.3656411746143
67.2372141274203	32.19932253768194	28.365507831755625
67.23888516276966	31.69932534782929	28.36537448889695
67.24055619811902	31.199328157976645	28.365241146038276
67.24222723346838	30.699330968124	28.3651078031796
67.24522410530925	30.19934267791206	28.363456013207234
67.24822097715011	29.699354387700122	28.361804223234866
67.25121784899098	29.199366097488184	28.3601524332625
67.25421472083184	28.699377807276246	28.35850064329013
67.2572115926727	28.199389517064308	28.356848853317764
67.26020846451357	27.69940122685237	28.355197063345397
67.26320533635443	27.19941293664043	28.35354527337303
67.2662022081953	26.699424646428493	28.351893483400662
67.26919908003616	26.199436356216555	28.350241693428295
67.27219595187702	25.699448066004617	28.348589903455927
67.27519282371789	25.19945977579268	28.34693811348356
67.27818969555875	24.69947148558074	28.345286323511193
67.28118656739962	24.199483195368803	28.343634533538825
67.28418343924048	23.699494905156865	28.341982743566458
67.28718031108134	23.199506614944926	28.34033095359409
67.2901771829222	22.69951832473299	28.338679163621723
67.29317405476307	22.19953003452105	28.337027373649356
67.29617092660393	21.699541744309112	28.33537558367699
67.2991677984448	21.199553454097174	28.33372379370462
67.30216467028566	20.699565163885236	28.332072003732254
67.30516154212653	20.199576873673298	28.330420213759886
67.30815841396739	19.69958858346136	28.32876842378752
67.31115528580825	19.19960029324942	28.32711663381515
67.31416108532603	18.69961060452905	28.3282463871351
67.31716688484381	18.199620915808676	28.329376140455047
67.3201726843616	17.699631227088304	28.330505893774994
67.32317848387937	17.19964153836793	28.33163564709494
67.32618428339715	16.69965184964756	28.33276540041489
67.32919008291493	16.199662160927186	28.333895153734836
67.33219588243271	15.699672472206814	28.335024907054784
67.3352016819505	15.199682783486441	28.33615466037473
67.33820748146827	14.699693094766069	28.33728441369468
67.34121328098605	14.199703406045696	28.338414167014626
67.34421908050383	13.699713717325324	28.339543920334574
67.34722488002161	13.199724028604951	28.34067367365452
67.3502306795394	12.699734339884579	28.34180342697447
67.35323647905717	12.199744651164206	28.342933180294416
67.35624227857495	11.699754962443834	28.344062933614364
67.35924807809273	11.199765273723461	28.34519268693431
67.36225387761051	10.699775585003088	28.34632244025426
67.35965784326704	10.19978256994551	28.34582696137525
67.35706180892358	9.699789554887932	28.34533148249624
67.3544657745801	9.199796539830354	28.344836003617228
67.35186974023664	8.699803524772776	28.344340524738218
67.34927370589317	8.199810509715197	28.343845045859208
67.3466776715497	7.699817494657619	28.343349566980198
67.34408163720623	7.199824479600041	28.342854088101188
67.34148560286276	6.699831464542463	28.342358609222178
67.34110108809546	6.6257743942551315	28.342285220768602
67.34110108809546	6.6257743942551315	28.342285220768602
67.33846169891802	6.125781618804804	28.341777163440714
67.33582230974059	5.625788843354476	28.341269106112826
67.33318292056316	5.125796067904148	28.340761048784938
67.33054353138573	4.625803292453821	28.34025299145705
67.3279041422083	4.125810517003493	28.33974493412916
67.32526475303086	3.625817741553165	28.339236876801273
67.32262536385343	3.1258249661028374	28.338728819473385
67.319985974676	2.6258321906525097	28.338220762145497
67.31734658549857	2.125839415202182	28.33771270481761
67.31470719632114	1.6258466397518545	28.33720464748972
67.3120678071437	1.125853864301527	28.336696590161832
67.30942841796627	0.6258610888511995	28.336188532833944
67.30678902878884	0.12586831340087196	28.335680475506056
67.30414963961141	-0.3741244620494556	28.335172418178168
67.30151025043398	-0.8741172374997832	28.33466436085028
67.30166719076092	-1.3741169279247272	28.335198162961532
67.30182413108787	-1.8741166183496711	28.335731965072785
67.30198107141482	-2.374116308774615	28.336265767184038
67.30213801174176	-2.8741159991995593	28.33679956929529
67.3022949520687	-3.374115689624503	28.337333371406544
67.30245189239565	-3.8741153800494468	28.337867173517797
67.3026088327226	-4.3741150704743905	28.33840097562905
67.30276577304954	-4.874114760899334	28.338934777740302
67.30292271337649	-5.374114451324278	28.339468579851555
67.30307965370343	-5.874114141749222	28.340002381962808
67.30323659403038	-6.3741138321741655	28.34053618407406
67.30339353435733	-6.874113522599109	28.341069986185314
67.30355047468427	-7.374113213024053	28.341603788296567
67.30370741501122	-7.874112903448997	28.34213759040782
67.30386435533816	-8.37411259387394	28.342671392519073
67.30402129566511	-8.874112284298885	28.343205194630325
67.30694832584882	-9.374103584837304	28.34284204148811
67.30987535603253	-9.874094885375722	28.342478888345898
67.31280238621625	-10.374086185914141	28.342115735203684
67.31572941639996	-10.87407748645256	28.34175258206147
67.31865644658367	-11.374068786990978	28.341389428919257
67.32158347676739	-11.874060087529397	28.341026275777043
67.3245105069511	-12.374051388067816	28.34066312263483
67.32743753713481	-12.874042688606234	28.340299969492616
67.33036456731853	-13.374033989144653	28.339936816350402
67.33329159750224	-13.874025289683072	28.33957366320819
67.33621862768595	-14.37401659022149	28.339210510065975
67.33914565786966	-14.87400789075991	28.33884735692376
67.34207268805338	-15.373999191298328	28.338484203781547
67.34499971823709	-15.873990491836746	28.338121050639334
67.3479267484208	-16.373981792375165	28.33775789749712
67.35085377860452	-16.873973092913584	28.337394744354906
67.35378080878823	-17.373964393452002	28.337031591212693
67.35670783897194	-17.87395569399042	28.33666843807048
67.35963486915566	-18.37394699452884	28.336305284928265
67.36256189933937	-18.87393829506726	28.33594213178605
67.36548892952308	-19.373929595605677	28.335578978643838
67.3684159597068	-19.873920896144096	28.335215825501624
67.37134298989051	-20.373912196682515	28.33485267235941
67.37427002007422	-20.873903497220933	28.334489519217197
67.37559319771653	-21.373901460256963	28.335024459164604
67.37691637535883	-21.873899423292993	28.33555939911201
67.37823955300114	-22.373897386329023	28.336094339059418
67.37956273064344	-22.873895349365053	28.336629279006825
67.38088590828575	-23.373893312401083	28.337164218954232
67.38220908592805	-23.873891275437114	28.33769915890164
67.38353226357036	-24.373889238473144	28.338234098849046
67.38485544121266	-24.873887201509174	28.338769038796453
67.38617861885497	-25.373885164545204	28.33930397874386
67.38750179649728	-25.873883127581234	28.339838918691267
67.38882497413958	-26.373881090617264	28.340373858638674
67.39014815178189	-26.873879053653294	28.34090879858608
67.39147132942419	-27.373877016689324	28.34144373853349
67.3927945070665	-27.873874979725354	28.341978678480896
67.3941176847088	-28.373872942761384	28.342513618428303
67.39544086235111	-28.873870905797414	28.34304855837571
67.39783606893917	-29.373864792430847	28.34243511351768
67.40023127552723	-29.87385867906428	28.34182166865965
67.4026264821153	-30.373852565697714	28.341208223801623
67.40502168870336	-30.873846452331147	28.340594778943593
67.40741689529142	-31.37384033896458	28.339981334085564
67.40981210187948	-31.873834225598014	28.339367889227535
67.41220730846754	-32.37382811223145	28.338754444369506
67.4146025150556	-32.873821998864884	28.338140999511477
67.41699772164367	-33.37381588549832	28.337527554653448
67.41939292823173	-33.87380977213175	28.33691410979542
67.42178813481979	-34.37380365876518	28.33630066493739
67.42418334140785	-34.87379754539862	28.33568722007936
67.42657854799592	-35.37379143203205	28.335073775221332
67.42897375458398	-35.87378531866548	28.334460330363303
67.43136896117204	-36.373779205298916	28.333846885505274
67.4337641677601	-36.87377309193235	28.333233440647245
67.43615937434816	-37.37376697856578	28.332619995789216
67.43855458093623	-37.873760865199216	28.332006550931187
67.44094978752429	-38.37375475183265	28.331393106073158
67.44334499411235	-38.87374863846608	28.33077966121513
67.44574020070041	-39.373742525099516	28.3301662163571
67.44813540728848	-39.87373641173295	28.32955277149907
67.45053061387654	-40.37373029836638	28.32893932664104
67.4529258204646	-40.873724184999816	28.328325881783012
67.45429396538684	-41.3737205591836	28.329650261840037
67.45566211030908	-41.87371693336739	28.33097464189706
67.45703025523132	-42.37371330755118	28.332299021954086
67.45839840015356	-42.873709681734965	28.33362340201111
67.4597665450758	-43.37370605591875	28.334947782068134
67.46113468999803	-43.87370243010254	28.33627216212516
67.46250283492027	-44.37369880428633	28.337596542182183
67.46387097984251	-44.873695178470115	28.338920922239208
67.46523912476475	-45.3736915526539	28.340245302296232
67.46660726968699	-45.87368792683769	28.341569682353256
67.46797541460923	-46.37368430102148	28.34289406241028
67.46934355953147	-46.873680675205264	28.344218442467305
67.4707117044537	-47.37367704938905	28.34554282252433
67.47207984937594	-47.87367342357284	28.346867202581354
67.47344799429818	-48.37366979775663	28.34819158263838
67.47481613922042	-48.873666171940414	28.349515962695403
67.47618428414266	-49.3736625461242	28.350840342752427
67.47793407334147	-49.87365722186797	28.35234449222699
67.47968386254028	-50.373651897611744	28.353848641701553
67.4814336517391	-50.873646573355515	28.355352791176117
67.4831834409379	-51.373641249099286	28.35685694065068
67.48493323013672	-51.87363592484306	28.358361090125243
67.48668301933553	-52.37363060058683	28.359865239599806
67.48843280853434	-52.8736252763306	28.36136938907437
67.49018259773315	-53.37361995207437	28.362873538548932
67.49193238693196	-53.87361462781814	28.364377688023495
67.49368217613078	-54.37360930356191	28.36588183749806
67.49543196532959	-54.873603979305685	28.36738598697262
67.4971817545284	-55.373598655049456	28.368890136447185
67.49893154372721	-55.87359333079323	28.370394285921748
67.50068133292602	-56.373588006537	28.37189843539631
67.50243112212483	-56.87358268228077	28.373402584870874
67.50418091132364	-57.37357735802454	28.374906734345437
67.50593070052246	-57.87357203376831	28.37641088382
67.50768048972127	-58.37356670951208	28.377915033294563
67.50943027892008	-58.873561385255854	28.379419182769126
67.51118006811889	-59.373556060999626	28.38092333224369
67.5129298573177	-59.8735507367434	28.382427481718253
67.51467964651651	-60.37354541248717	28.383931631192816
67.51642943571532	-60.87354008823094	28.38543578066738
67.52015590206733	-61.37351062839818	28.381489590934507
67.52388236841934	-61.87348116856542	28.377543401201635
67.52760883477134	-62.37345170873266	28.373597211468763
67.53133530112335	-62.8734222488999	28.36965102173589
67.53506176747536	-63.37339278906714	28.36570483200302
67.53878823382736	-63.87336332923438	28.361758642270146
67.54251470017937	-64.37333386940162	28.357812452537274
67.54624116653137	-64.87330440956886	28.353866262804402
67.55233516280825	-65.37326657671602	28.353032817612387
67.55842915908512	-65.87322874386318	28.352199372420372
67.564523155362	-66.37319091101034	28.351365927228358
67.57061715163887	-66.8731530781575	28.350532482036343
67.57671114791574	-67.37311524530466	28.349699036844328
67.58280514419262	-67.87307741245182	28.348865591652313
67.5888991404695	-68.37303957959898	28.348032146460298
67.59499313674637	-68.87300174674614	28.347198701268283
67.60108713302324	-69.3729639138933	28.34636525607627
67.60326527181755	-69.87295910567643	28.346618050760036
67.60544341061185	-70.37295429745956	28.346870845443803
67.60762154940616	-70.87294948924269	28.34712364012757
67.60979968820047	-71.37294468102581	28.347376434811338
67.61197782699477	-71.87293987280894	28.347629229495105
67.61415596578908	-72.37293506459207	28.347882024178872
67.61633410458339	-72.8729302563752	28.34813481886264
67.6185122433777	-73.37292544815833	28.348387613546407
67.620690382172	-73.87292063994146	28.348640408230175
67.6228685209663	-74.37291583172458	28.348893202913942
67.62504665976061	-74.87291102350771	28.34914599759771
67.62722479855492	-75.37290621529084	28.349398792281477
67.62940293734923	-75.87290140707397	28.349651586965244
67.63158107614353	-76.3728965988571	28.34990438164901
67.63375921493784	-76.87289179064022	28.35015717633278
67.63593735373215	-77.37288698242335	28.350409971016546
67.63811549252645	-77.87288217420648	28.350662765700314
67.64029363132076	-78.37287736598961	28.35091556038408
67.64247177011507	-78.87287255777274	28.35116835506785
67.64464990890937	-79.37286774955587	28.351421149751616
67.64682804770368	-79.872862941339	28.351673944435383
67.64900618649799	-80.37285813312212	28.35192673911915
67.65118432529229	-80.87285332490525	28.352179533802918
67.6533624640866	-81.37284851668838	28.352432328486685
67.6571617521535	-81.87283404104335	28.3522302253777
67.6609610402204	-82.37281956539832	28.352028122268713
67.6647603282873	-82.87280508975329	28.351826019159727
67.6685596163542	-83.37279061410825	28.35162391605074
67.6723589044211	-83.87277613846322	28.351421812941755
67.676158192488	-84.37276166281819	28.35121970983277
67.6799574805549	-84.87274718717316	28.351017606723783
67.6837567686218	-85.37273271152813	28.350815503614797
67.6875560566887	-85.8727182358831	28.35061340050581
67.686761277281	-86.37271755787214	28.350828658931253
67.68596649787328	-86.87271687986117	28.351043917356694
67.68517171846557	-87.37271620185021	28.351259175782136
67.68437693905786	-87.87271552383925	28.351474434207578
67.68358215965014	-88.37271484582828	28.35168969263302
67.68278738024243	-88.87271416781732	28.35190495105846
67.68199260083472	-89.37271348980636	28.352120209483903
67.68458002329014	-89.87270665328396	28.3517437513809
67.68716744574556	-90.37269981676155	28.3513672932779
67.68975486820098	-90.87269298023915	28.350990835174898
67.6923422906564	-91.37268614371675	28.350614377071896
67.69492971311182	-91.87267930719435	28.350237918968894
67.69751713556724	-92.37267247067194	28.349861460865892
67.70010455802266	-92.87266563414954	28.34948500276289
67.70269198047808	-93.37265879762714	28.349108544659888
67.7052794029335	-93.87265196110474	28.348732086556886
67.70786682538892	-94.37264512458233	28.348355628453884
67.71045424784434	-94.87263828805993	28.347979170350882
67.71304167029976	-95.37263145153753	28.34760271224788
67.71562909275518	-95.87262461501513	28.34722625414488
67.7182165152106	-96.37261777849272	28.346849796041877
67.72080393766602	-96.87261094197032	28.346473337938875
67.72339136012144	-97.37260410544792	28.346096879835873
67.72597878257686	-97.87259726892552	28.34572042173287
67.72856620503228	-98.37259043240311	28.34534396362987
67.7311536274877	-98.87258359588071	28.344967505526867
67.73374104994312	-99.37257675935831	28.344591047423865
67.73632847239854	-99.87256992283591	28.344214589320863
67.73891589485396	-100.3725630863135	28.34383813121786
67.74150331730938	-100.8725562497911	28.34346167311486
67.7440907397648	-101.3725494132687	28.343085215011858
67.7468803794626	-101.87254134613347	28.34255137935309
67.74967001916039	-102.37253327899825	28.342017543694322
67.75245965885819	-102.87252521186302	28.341483708035554
67.75524929855598	-103.3725171447278	28.340949872376786
67.75803893825378	-103.87250907759257	28.34041603671802
67.76082857795157	-104.37250101045734	28.33988220105925
67.76361821764937	-104.87249294332211	28.339348365400483
67.76640785734716	-105.37248487618689	28.338814529741715
67.76919749704496	-105.87247680905166	28.338280694082947
67.76992881920941	-106.37247449100789	28.336945326608134
67.77066014137387	-106.87247217296412	28.335609959133322
67.77139146353832	-107.37246985492035	28.33427459165851
67.77212278570278	-107.87246753687658	28.332939224183697
67.77285410786723	-108.37246521883282	28.331603856708885
67.77358543003169	-108.87246290078905	28.330268489234072
67.77431675219614	-109.37246058274528	28.32893312175926
67.77665080973568	-109.87245506636302	28.328671344706866
67.77898486727523	-110.37244954998076	28.32840956765447
67.78131892481477	-110.8724440335985	28.328147790602078
67.78365298235431	-111.37243851721624	28.327886013549683
67.78598703989385	-111.87243300083398	28.32762423649729
67.7883210974334	-112.37242748445172	28.327362459444895
67.79065515497294	-112.87242196806946	28.3271006823925
67.79298921251248	-113.3724164516872	28.326838905340107
67.79532327005202	-113.87241093530494	28.326577128287713
67.79765732759157	-114.37240541892268	28.32631535123532
67.79999138513111	-114.87239990254042	28.326053574182925
67.80232544267065	-115.37239438615816	28.32579179713053
67.80465950021019	-115.8723888697759	28.325530020078137
67.80699355774973	-116.37238335339364	28.325268243025743
67.80932761528928	-116.87237783701138	28.32500646597335
67.81166167282882	-117.37237232062913	28.324744688920955
67.81399573036836	-117.87236680424687	28.32448291186856
67.8163297879079	-118.3723612878646	28.324221134816167
67.81866384544745	-118.87235577148235	28.323959357763773
67.82099790298699	-119.37235025510009	28.32369758071138
67.82333196052653	-119.87234473871783	28.323435803658985
67.82566601806607	-120.37233922233557	28.32317402660659
67.82800007560562	-120.87233370595331	28.322912249554197
67.8313075281163	-121.37232274741821	28.32277378329001
67.83461498062698	-121.87231178888311	28.322635317025824
67.83792243313766	-122.37230083034801	28.322496850761638
67.84122988564835	-122.87228987181291	28.322358384497452
67.84453733815903	-123.37227891327781	28.322219918233266
67.84784479066971	-123.87226795474271	28.32208145196908
67.8511522431804	-124.37225699620761	28.321942985704894
67.85445969569108	-124.87224603767251	28.321804519440708
67.85776714820176	-125.37223507913741	28.32166605317652
67.86107460071244	-125.87222412060231	28.321527586912335
67.8676858703211	-126.37217903226232	28.3203539510298
67.87429713992975	-126.87213394392234	28.319180315147268
67.8809084095384	-127.37208885558235	28.318006679264734
67.88751967914706	-127.87204376724236	28.3168330433822
67.89413094875572	-128.37199867890237	28.315659407499666
67.90074221836437	-128.87195359056238	28.314485771617132
67.90735348797303	-129.3719085022224	28.3133121357346
67.90940479525342	-129.87190369325995	28.314087427780578
67.91145610253382	-130.3718988842975	28.314862719826557
67.91350740981422	-130.87189407533506	28.315638011872537
67.91555871709461	-131.37188926637262	28.316413303918516
67.91761002437501	-131.87188445741018	28.317188595964495
67.9196613316554	-132.37187964844773	28.317963888010475
67.9217126389358	-132.8718748394853	28.318739180056454
67.9237639462162	-133.37187003052284	28.319514472102433
67.9258152534966	-133.8718652215604	28.320289764148413
67.92786656077699	-134.37186041259795	28.321065056194392
67.92991786805739	-134.8718556036355	28.32184034824037
67.93196917533778	-135.37185079467307	28.32261564028635
67.93402048261818	-135.87184598571062	28.32339093233233
67.93607178989858	-136.37184117674818	28.32416622437831
67.93812309717897	-136.87183636778573	28.32494151642429
67.94017440445937	-137.3718315588233	28.32571680847027
67.94222571173977	-137.87182674986084	28.326492100516248
67.94427701902016	-138.3718219408984	28.327267392562227
67.94632832630056	-138.87181713193596	28.328042684608207
67.958782078861	-139.37166197014747	28.328247038411398
67.97123583142145	-139.871506808359	28.32845139221459
67.9836895839819	-140.3713516465705	28.32865574601778
67.99614333654235	-140.87119648478202	28.32886009982097
68.00859708910279	-141.37104132299353	28.329064453624163
68.02105084166324	-141.87088616120505	28.329268807427354
68.03350459422369	-142.37073099941657	28.329473161230545
68.04595834678413	-142.87057583762808	28.329677515033737
68.04642465594225	-142.88929166039452	28.329685166707357
68.04642465594225	-142.88929166039452	28.329685166707357
68.0600625998284	-143.38909018213022	28.333615072223623
68.07370054371455	-143.88888870386592	28.33754497773989
68.0873384876007	-144.38868722560161	28.341474883256154
68.10097643148686	-144.8884857473373	28.34540478877242
68.12413763004918	-145.38794858420772	28.344746407035366
68.1472988286115	-145.88741142107813	28.344088025298312
68.17046002717382	-146.38687425794853	28.343429643561258
68.19362122573614	-146.88633709481894	28.342771261824204
68.21678242429846	-147.38579993168935	28.34211288008715
68.23994362286078	-147.88526276855976	28.341454498350096
68.27657295488756	-148.38391890305098	28.342047431335804
68.31320228691433	-148.8825750375422	28.34264036432151
68.34983161894111	-149.38123117203344	28.34323329730722
68.38646095096789	-149.87988730652467	28.343826230292926
68.42309028299466	-150.3785434410159	28.344419163278634
68.46950789330334	-150.876382355524	28.345768479633488
68.51592550361202	-151.37422127003208	28.347117795988343
68.5623431139207	-151.87206018454017	28.348467112343197
68.60876072422938	-152.36989909904827	28.349816428698052
68.65517833453806	-152.86773801355636	28.351165745052906
68.70159594484674	-153.36557692806446	28.35251506140776
68.74801355515542	-153.86341584257255	28.353864377762616
68.7944311654641	-154.36125475708064	28.35521369411747
68.84206229184238	-154.8589800606118	28.354320371799783
68.88969341822066	-155.35670536414295	28.353427049482097
68.93732454459894	-155.8544306676741	28.35253372716441
68.98495567097721	-156.35215597120526	28.351640404846723
69.03258679735549	-156.84988127473642	28.350747082529036
69.08021792373377	-157.34760657826757	28.34985376021135
69.12784905011205	-157.84533188179873	28.348960437893663
69.17548017649032	-158.34305718532988	28.348067115575976
69.2231113028686	-158.84078248886104	28.34717379325829
69.27074242924688	-159.3385077923922	28.346280470940602
69.31837355562516	-159.83623309592335	28.345387148622915
69.36600468200344	-160.3339583994545	28.34449382630523
69.41363580838171	-160.83168370298566	28.343600503987542
69.46126693475999	-161.3294090065168	28.342707181669855
69.50889806113827	-161.82713431004797	28.34181385935217
69.56067529841387	-162.32444519540246	28.340813355455037
69.61245253568947	-162.82175608075696	28.339812851557905
69.66422977296507	-163.31906696611145	28.338812347660774
69.71600701024067	-163.81637785146594	28.337811843763642
69.76778424751627	-164.31368873682044	28.33681133986651
69.81956148479188	-164.81099962217493	28.33581083596938
69.87133872206748	-165.30831050752943	28.334810332072248
69.92311595934308	-165.80562139288392	28.333809828175117
69.97489319661868	-166.30293227823842	28.332809324277985
70.02667043389428	-166.8002431635929	28.331808820380854
70.07844767116988	-167.2975540489474	28.330808316483722
70.13022490844548	-167.7948649343019	28.32980781258659
70.18200214572109	-168.2921758196564	28.32880730868946
70.23377938299669	-168.7894867050109	28.327806804792328
70.28555662027229	-169.28679759036538	28.326806300895196
70.33733385754789	-169.78410847571988	28.325805796998065
70.38911109482349	-170.28141936107437	28.324805293100933
70.44088833209909	-170.77873024642886	28.323804789203802
70.48826447099954	-171.2764729333867	28.32658310575649
70.53564060989999	-171.77421562034456	28.32936142230918
70.58301674880043	-172.2719583073024	28.33213973886187
70.63039288770088	-172.76970099426026	28.33491805541456
70.67776902660133	-173.2674436812181	28.337696371967247
70.72514516550177	-173.76518636817596	28.340474688519937
70.77252130440222	-174.2629290551338	28.343253005072626
70.81989744330266	-174.76067174209166	28.346031321625315
70.86727358220311	-175.2584144290495	28.348809638178004
70.91464972110356	-175.75615711600736	28.351587954730693
70.962025860004	-176.2538998029652	28.354366271283382
71.00940199890445	-176.75164248992306	28.35714458783607
71.0567781378049	-177.2493851768809	28.35992290438876
71.10415427670534	-177.74712786383876	28.36270122094145
71.15130397506191	-178.2448997727539	28.362520555939035
71.19845367341847	-178.74267168166907	28.36233989093662
71.24560337177503	-179.24044359058422	28.362159225934207
71.2927530701316	-179.73821549949938	28.361978560931792
71.33990276848816	-180.23598740841453	28.361797895929378
71.38705246684472	-180.73375931732969	28.361617230926964
71.43420216520128	-181.23153122624484	28.36143656592455
71.48135186355785	-181.72930313516	28.361255900922135
71.52850156191441	-182.22707504407515	28.36107523591972
71.57565126027097	-182.7248469529903	28.360894570917306
71.62280095862754	-183.22261886190546	28.360713905914892
71.6699506569841	-183.72039077082061	28.360533240912478
71.71710035534066	-184.21816267973577	28.360352575910063
71.76425005369722	-184.71593458865092	28.36017191090765
71.81139975205379	-185.21370649756608	28.359991245905235
71.86876074471125	-185.71040140861896	28.361961488410607
71.92612173736872	-186.20709631967185	28.36393173091598
71.98348273002618	-186.70379123072473	28.36590197342135
72.04084372268365	-187.20048614177762	28.367872215926724
72.09820471534111	-187.6971810528305	28.369842458432096
72.15556570799858	-188.1938759638834	28.37181270093747
72.21292670065604	-188.69057087493627	28.37378294344284
72.26638689543124	-189.18770463029315	28.373590955533153
72.31984709020644	-189.68483838565004	28.373398967623466
72.37330728498164	-190.18197214100692	28.37320697971378
72.42676747975683	-190.6791058963638	28.37301499180409
72.48022767453203	-191.1762396517207	28.372823003894403
72.53368786930723	-191.67337340707758	28.372631015984716
72.58714806408243	-192.17050716243446	28.37243902807503
72.64060825885763	-192.66764091779135	28.37224704016534
72.69406845363282	-193.16477467314823	28.372055052255654
72.74752864840802	-193.66190842850511	28.371863064345966
72.80098884318322	-194.159042183862	28.37167107643628
72.85444903795842	-194.65617593921888	28.37147908852659
72.90790923273362	-195.15330969457577	28.371287100616904
72.96136942750881	-195.65044344993265	28.371095112707216
73.01482962228401	-196.14757720528954	28.37090312479753
73.06828981705921	-196.64471096064642	28.37071113688784
73.12175001183441	-197.1418447160033	28.370519148978154
73.1752102066096	-197.6389784713602	28.370327161068467
73.2286704013848	-198.13611222671707	28.37013517315878
73.28213059616	-198.63324598207396	28.36994318524909
73.3355907909352	-199.13037973743084	28.369751197339404
73.3890509857104	-199.62751349278773	28.369559209429717
73.44350188539154	-200.1245397055559	28.369351014188517
73.49795278507268	-200.62156591832405	28.369142818947317
73.55240368475383	-201.1185921310922	28.368934623706117
73.60685458443497	-201.61561834386038	28.368726428464917
73.66130548411611	-202.11264455662854	28.368518233223718
73.71575638379726	-202.6096707693967	28.368310037982518
73.7702072834784	-203.10669698216486	28.368101842741318
73.82465818315954	-203.60372319493302	28.367893647500118
73.87910908284069	-204.1007494077012	28.367685452258918
73.93355998252183	-204.59777562046935	28.36747725701772
73.98801088220297	-205.0948018332375	28.36726906177652
74.04246178188411	-205.59182804600567	28.36706086653532
74.09691268156526	-206.08885425877384	28.36685267129412
74.1513635812464	-206.585880471542	28.36664447605292
74.20581448092754	-207.08290668431016	28.36643628081172
74.26026538060869	-207.57993289707832	28.36622808557052
74.31471628028983	-208.07695910984648	28.36601989032932
74.36916717997097	-208.57398532261465	28.36581169508812
74.42361807965212	-209.0710115353828	28.36560349984692
74.47806897933326	-209.56803774815097	28.36539530460572
74.5325198790144	-210.06506396091913	28.36518710936452
74.58697077869554	-210.5620901736873	28.36497891412332
74.64142167837669	-211.05911638645546	28.36477071888212
74.69587257805783	-211.55614259922362	28.36456252364092
74.75032347773897	-212.05316881199178	28.36435432839972
74.80477437742012	-212.55019502475994	28.36414613315852
74.86183938835869	-213.046925032082	28.36584447129726
74.91890439929726	-213.54365503940403	28.367542809436003
74.97596941023583	-214.04038504672607	28.369241147574744
75.0330344211744	-214.53711505404812	28.370939485713485
75.09009943211298	-215.03384506137016	28.372637823852227
75.14716444305155	-215.5305750686922	28.374336161990968
75.20422945399012	-216.02730507601424	28.37603450012971
75.2612944649287	-216.5240350833363	28.37773283826845
75.31835947586727	-217.02076509065833	28.37943117640719
75.37542448680584	-217.51749509798037	28.381129514545933
75.41420370276319	-217.855053961277	28.382283640697267
75.41420370276319	-217.855053961277	28.382283640697267
75.37400188358407	-218.35343505626287	28.381970758299303
75.33380006440495	-218.85181615124873	28.38165787590134
75.29359824522584	-219.3501972462346	28.381344993503376
75.25339642604672	-219.84857834122045	28.381032111105412
75.20997988081945	-220.34668972120195	28.381270298968584
75.16656333559217	-220.84480110118346	28.381508486831756
75.1231467903649	-221.34291248116497	28.381746674694927
75.07973024513763	-221.84102386114648	28.3819848625581
75.03631369991035	-222.339135241128	28.38222305042127
74.99289715468308	-222.8372466211095	28.382461238284442
74.9494806094558	-223.335358001091	28.382699426147614
74.90606406422853	-223.83346938107252	28.382937614010785
74.86264751900126	-224.33158076105403	28.383175801873957
74.81923097377398	-224.82969214103554	28.38341398973713
74.77581442854671	-225.32780352101705	28.3836521776003
74.73239788331944	-225.82591490099855	28.383890365463472
74.68898133809216	-226.32402628098006	28.384128553326644
74.64556479286489	-226.82213766096157	28.384366741189815
74.60214824763761	-227.32024904094308	28.384604929052987
74.55873170241034	-227.8183604209246	28.38484311691616
74.51531515718307	-228.3164718009061	28.38508130477933
74.4718986119558	-228.8145831808876	28.385319492642502
74.42848206672852	-229.31269456086912	28.385557680505674
74.38506552150125	-229.81080594085063	28.385795868368845
74.34164897627397	-230.30891732083214	28.386034056232017
74.2982324310467	-230.80702870081365	28.38627224409519
74.25481588581943	-231.30514008079516	28.38651043195836
74.21139934059215	-231.80325146077666	28.38674861982153
74.16798279536488	-232.30136284075817	28.386986807684703
74.1245662501376	-232.79947422073968	28.387224995547875
74.08114970491033	-233.2975856007212	28.387463183411047
74.03773315968306	-233.7956969807027	28.38770137127422
73.99431661445578	-234.2938083606842	28.38793955913739
73.95090006922851	-234.79191974066572	28.38817774700056
73.90109698507877	-235.28943319684103	28.388060556274425
73.85129390092902	-235.78694665301634	28.38794336554829
73.80149081677928	-236.28446010919166	28.387826174822152
73.75168773262953	-236.78197356536697	28.387708984096015
73.70188464847979	-237.27948702154228	28.38759179336988
73.65208156433005	-237.7770004777176	28.387474602643742
73.6022784801803	-238.2745139338929	28.387357411917606
73.55247539603056	-238.77202739006822	28.38724022119147
73.50267231188081	-239.26954084624353	28.387123030465332
73.45286922773107	-239.76705430241884	28.387005839739196
73.40306614358133	-240.26456775859415	28.38688864901306
73.35326305943158	-240.76208121476947	28.386771458286923
73.30345997528184	-241.25959467094478	28.386654267560786
73.2536568911321	-241.7571081271201	28.38653707683465
73.20385380698235	-242.2546215832954	28.386419886108513
73.15405072283261	-242.75213503947072	28.386302695382376
73.10424763868286	-243.24964849564603	28.38618550465624
73.05444455453312	-243.74716195182134	28.386068313930103
73.00269810681702	-244.24447678112014	28.385552844945995
72.95095165910092	-244.74179161041894	28.385037375961886
72.89920521138482	-245.23910643971774	28.384521906977778
72.84745876366873	-245.73642126901655	28.38400643799367
72.79571231595263	-246.23373609831535	28.38349096900956
72.74396586823653	-246.73105092761415	28.382975500025452
72.69221942052043	-247.22836575691295	28.382460031041344
72.64047297280433	-247.72568058621175	28.381944562057235
72.58872652508823	-248.22299541551055	28.381429093073127
72.53698007737214	-248.72031024480935	28.38091362408902
72.48523362965604	-249.21762507410816	28.38039815510491
72.43348718193994	-249.71493990340696	28.3798826861208
72.38174073422384	-250.21225473270576	28.379367217136693
72.32999428650774	-250.70956956200456	28.378851748152584
72.27824783879164	-251.20688439130336	28.378336279168476
72.22746349519768	-251.7042986059139	28.378558875494047
72.17667915160372	-252.20171282052442	28.378781471819618
72.12589480800976	-252.69912703513495	28.37900406814519
72.0751104644158	-253.19654124974548	28.37922666447076
72.02432612082184	-253.693955464356	28.37944926079633
71.97354177722788	-254.19136967896654	28.379671857121902
71.92275743363392	-254.68878389357707	28.379894453447474
71.87197309003996	-255.1861981081876	28.380117049773045
71.821188746446	-255.68361232279813	28.380339646098616
71.77040440285204	-256.1810265374086	28.380562242424187
71.71962005925808	-256.6784407520191	28.380784838749758
71.67115276002669	-257.1760839418032	28.379309519545096
71.6226854607953	-257.67372713158727	28.377834200340434
71.5742181615639	-258.17137032137134	28.376358881135772
71.52575086233252	-258.6690135111554	28.37488356193111
71.47728356310112	-259.1666567009395	28.37340824272645
71.42881626386973	-259.66429989072356	28.371932923521786
71.38034896463834	-260.1619430805076	28.370457604317124
71.33188166540695	-260.6595862702917	28.368982285112462
71.28341436617556	-261.15722946007577	28.3675069659078
71.23494706694417	-261.65487264985984	28.36603164670314
71.18697656236081	-262.1525647760076	28.36485765328658
71.13900605777745	-262.6502569021553	28.363683659870023
71.09103555319409	-263.14794902830306	28.362509666453466
71.04306504861073	-263.6456411544508	28.36133567303691
70.99509454402737	-264.14333328059854	28.36016167962035
70.947124039444	-264.6410254067463	28.358987686203793
70.89915353486064	-265.138717532894	28.357813692787236
70.85808960688837	-265.6370271752719	28.356693812105213
70.8170256789161	-266.1353368176498	28.35557393142319
70.77596175094382	-266.63364646002765	28.354454050741168
70.73489782297155	-267.1319561024055	28.353334170059146
70.69383389499927	-267.6302657447834	28.352214289377123
70.652769967027	-268.1285753871613	28.3510944086951
70.61170603905472	-268.62688502953915	28.349974528013078
70.57903006248816	-269.1258149148748	28.348856460765255
70.54635408592159	-269.62474480021046	28.34773839351743
70.51367810935503	-270.1236746855461	28.34662032626961
70.48100213278846	-270.6226045708818	28.345502259021785
70.4483261562219	-271.12153445621743	28.344384191773962
70.41565017965533	-271.6204643415531	28.34326612452614
70.38297420308876	-272.11939422688874	28.342148057278315
70.36509901665225	-272.6190733690659	28.34103783975046
70.34722383021574	-273.1187525112431	28.339927622222604
70.32934864377923	-273.61843165342026	28.338817404694748
70.31147345734271	-274.11811079559743	28.33770718716689
70.2935982709062	-274.6177899377746	28.336596969639036
70.29278916756833	-275.1177776127275	28.340013143963198
70.29198006423046	-275.61776528768036	28.34342931828736
70.29117096089259	-276.11775296263323	28.34684549261152
70.29036185755471	-276.6177406375861	28.350261666935683
70.28955275421684	-277.117728312539	28.353677841259845
70.28863124083364	-277.6177265504273	28.35272237189046
70.28770972745043	-278.11772478831557	28.351766902521078
70.28678821406723	-278.61772302620386	28.350811433151694
70.28586670068402	-279.11772126409215	28.34985596378231
70.28494518730082	-279.61771950198045	28.348900494412927
70.28402367391762	-280.11771773986874	28.347945025043543
70.28746538579844	-280.61770564502774	28.347445711467845
70.29090709767927	-281.11769355018674	28.346946397892147
70.29434880956009	-281.61768145534575	28.34644708431645
70.29779052144092	-282.11766936050475	28.34594777074075
70.30123223332174	-282.61765726566375	28.345448457165052
70.30029734563749	-283.11765347807864	28.34715537127388
70.29936245795324	-283.6176496904935	28.34886228538271
70.29842757026898	-284.1176459029084	28.35056919949154
70.29749268258473	-284.6176421153233	28.35227611360037
70.29655779490048	-285.1176383277382	28.3539830277092
70.29562290721623	-285.61763454015306	28.35568994181803
70.29642309487544	-286.1176302998742	28.357587298041363
70.29722328253465	-286.6176260595953	28.359484654264694
70.29802347019385	-287.1176218193164	28.361382010488025
70.29882365785306	-287.6176175790375	28.363279366711357
70.29962384551227	-288.11761333875864	28.365176722934688
70.3019751742659	-288.6176065151719	28.364038833093353
70.30432650301954	-289.1175996915851	28.36290094325202
70.30667783177317	-289.6175928679983	28.361763053410684
70.3090291605268	-290.11758604441155	28.36062516356935
70.31138048928044	-290.6175792208248	28.359487273728014
70.31373181803407	-291.117572397238	28.35834938388668
70.31161124730343	-291.6175678680336	28.3585292829913
70.30949067657279	-292.11756333882914	28.358709182095918
70.30737010584215	-292.6175588096247	28.358889081200537
70.30524953511151	-293.1175542804203	28.359068980305157
70.30312896438087	-293.61754975121585	28.359248879409776
70.30100839365024	-294.1175452220114	28.359428778514395
70.30427380938173	-294.6175336482006	28.360383103903217
70.30753922511322	-295.1175220743898	28.36133742929204
70.31080464084471	-295.617510500579	28.36229175468086
70.3140700565762	-296.1174989267682	28.363246080069683
70.31733547230769	-296.61748735295737	28.364200405458504
70.31866674980861	-297.11748461919944	28.3651809413518
70.31999802730954	-297.6174818854415	28.366161477245093
70.32132930481046	-298.1174791516836	28.367142013138388
70.32266058231139	-298.6174764179257	28.368122549031682
70.32399185981231	-299.11747368416775	28.369103084924976
70.32532313731323	-299.6174709504098	28.37008362081827
70.32717092510104	-300.11746653752044	28.369084345988867
70.32901871288885	-300.61746212463106	28.368085071159463
70.33086650067666	-301.1174577117417	28.36708579633006
70.33271428846447	-301.6174532988523	28.366086521500655
70.33456207625228	-302.1174488859629	28.36508724667125
70.33640986404009	-302.61744447307353	28.364087971841847
70.3382576518279	-303.11744006018415	28.363088697012444
70.33879885857885	-303.6174387410233	28.36207565489106
70.33934006532981	-304.11743742186246	28.36106261276968
70.33988127208076	-304.6174361027016	28.360049570648297
70.34042247883171	-305.1174347835408	28.359036528526914
70.34096368558266	-305.6174334643799	28.358023486405532
70.34150489233362	-306.1174321452191	28.35701044428415
70.3443524595947	-306.6174235373797	28.357716932766078
70.34720002685579	-307.1174149295403	28.358423421248006
70.35004759411687	-307.6174063217009	28.359129909729933
70.35289516137796	-308.1173977138615	28.35983639821186
70.35574272863904	-308.61738910602213	28.36054288669379
70.35859029590013	-309.11738049818274	28.361249375175717
70.36143786316121	-309.61737189034335	28.361955863657645
70.36356359921847	-310.1173669152034	28.361280318378434
70.36568933527572	-310.6173619400634	28.360604773099222
70.36781507133297	-311.11735696492343	28.35992922782001
70.36994080739022	-311.61735198978346	28.3592536825408
70.37206654344747	-312.1173470146435	28.35857813726159
70.37419227950473	-312.6173420395035	28.357902591982377
70.37393798010875	-313.117341897712	28.35762488112101
70.37368368071277	-313.61734175592045	28.35734717025964
70.3734293813168	-314.1173416141289	28.35706945939827
70.37317508192082	-314.6173414723374	28.356791748536903
70.37292078252484	-315.11734133054586	28.356514037675534
70.37266648312887	-315.6173411887543	28.356236326814166
70.37241218373289	-316.1173410469628	28.355958615952797
70.37215788433691	-316.61734090517126	28.35568090509143
70.37442303831399	-317.1173355034969	28.356201215197043
70.37668819229107	-317.6173301018226	28.356721525302657
70.37895334626815	-318.11732470014823	28.35724183540827
70.38121850024523	-318.6173192984739	28.357762145513885
70.3834836542223	-319.11731389679954	28.3582824556195
70.38574880819938	-319.6173084951252	28.358802765725112
70.38801396217646	-320.11730309345086	28.359323075830726
70.39033283398102	-320.61729505421687	28.357691511261997
70.39265170578558	-321.1172870149829	28.356059946693268
70.39497057759014	-321.6172789757489	28.35442838212454
70.3972894493947	-322.1172709365149	28.35279681755581
70.39960832119927	-322.6172628972809	28.35116525298708
70.40151651632257	-323.1172591923627	28.350912872710452
70.40342471144588	-323.61725548744454	28.350660492433825
70.40533290656919	-324.11725178252635	28.350408112157197
70.40724110169249	-324.61724807760817	28.35015573188057
70.4091492968158	-325.11724437269	28.349903351603942
70.4110574919391	-325.6172406677718	28.349650971327314
70.41181955093178	-326.11724008674486	28.34966807897208
70.41258160992446	-326.6172395057179	28.349685186616846
70.41334366891714	-327.117238924691	28.34970229426161
70.41410572790981	-327.61723834366404	28.349719401906377
70.41486778690249	-328.1172377626371	28.349736509551143
70.41562984589517	-328.61723718161016	28.34975361719591
70.41684885212545	-329.11723551130876	28.35018294506725
70.41806785835574	-329.61723384100736	28.35061227293859
70.41928686458603	-330.11723217070596	28.351041600809932
70.42050587081631	-330.61723050040456	28.351470928681273
70.4217248770466	-331.11722883010316	28.351900256552614
70.42294388327689	-331.61722715980176	28.352329584423956
70.42416288950717	-332.11722548950036	28.352758912295297
70.42534432718905	-332.6172232292571	28.35182915793995
70.42652576487093	-333.11722096901383	28.350899403584602
70.42770720255281	-333.61721870877057	28.349969649229255
70.42888864023469	-334.1172164485273	28.349039894873908
70.43007007791657	-334.61721418828404	28.34811014051856
70.43125151559845	-335.1172119280408	28.347180386163213
70.4332789724675	-335.6172065909728	28.346072930462647
70.43530642933656	-336.1172012539048	28.34496547476208
70.43733388620562	-336.6171959168368	28.343858019061514
70.43936134307468	-337.1171905797688	28.342750563360948
70.44138879994374	-337.6171852427008	28.34164310766038
70.4434162568128	-338.11717990563284	28.340535651959815
70.44544371368185	-338.61717456856485	28.33942819625925
70.43087054641144	-339.1169581131335	28.34143602447531
70.41629737914103	-339.6167416577021	28.343443852691372
70.40172421187062	-340.11652520227074	28.345451680907434
70.3871510446002	-340.61630874683937	28.347459509123496
70.37257787732979	-341.116092291408	28.349467337339558
70.35800471005938	-341.6158758359766	28.35147516555562
70.34645884755648	-342.11574166008216	28.35239763526778
70.33491298505358	-342.6156074841877	28.353320104979943
70.32336712255068	-343.11547330829325	28.354242574692105
70.31182126004778	-343.6153391323988	28.355165044404266
70.30027539754488	-344.11520495650433	28.356087514116428
70.28872953504198	-344.61507078060987	28.35700998382859
70.27718367253908	-345.1149366047154	28.35793245354075
70.26563781003618	-345.61480242882095	28.358854923252913
70.25409194753328	-346.1146682529265	28.359777392965075
70.24254608503038	-346.61453407703203	28.360699862677237
70.23100022252748	-347.1143999011376	28.3616223323894
70.21945436002459	-347.6142657252431	28.36254480210156
70.20790849752169	-348.11413154934866	28.36346727181372
70.19636263501879	-348.6139973734542	28.364389741525883
70.1920200493374	-349.1139779915897	28.365113231971854
70.18767746365602	-349.6139586097252	28.365836722417825
70.18333487797463	-350.1139392278607	28.366560212863796
70.17899229229324	-350.61391984599624	28.367283703309766
70.17464970661186	-351.11390046413175	28.368007193755737
70.17030712093047	-351.61388108226726	28.368730684201708
70.16596453524909	-352.11386170040277	28.36945417464768
70.1616219495677	-352.6138423185383	28.37017766509365
70.16495049215817	-353.1138273431076	28.368203833632503
70.16827903474864	-353.61381236767687	28.366230002171356
70.1716075773391	-354.11379739224617	28.36425617071021
70.17493611992957	-354.61378241681547	28.362282339249063
70.17826466252004	-355.11376744138477	28.360308507787916
70.1815932051105	-355.61375246595406	28.35833467632677
70.18492174770097	-356.11373749052336	28.356360844865623
70.18825029029144	-356.61372251509266	28.354387013404477
70.18687752493267	-357.1137180629754	28.352784636203967
70.1855047595739	-357.61371361085816	28.35118225900346
70.18413199421514	-358.1137091587409	28.34957988180295
70.18275922885637	-358.61370470662365	28.34797750460244
70.1813864634976	-359.1137002545064	28.34637512740193
70.18001369813884	-359.61369580238915	28.34477275020142
70.1839336621279	-360.11366810739514	28.34126160946121
70.18785362611696	-360.61364041240114	28.337750468720998
70.19177359010602	-361.11361271740714	28.334239327980786
70.19569355409509	-361.61358502241313	28.330728187240574
70.19961351808415	-362.11355732741913	28.327217046500362
70.20353348207321	-362.6135296324251	28.32370590576015
70.20745344606227	-363.1135019374311	28.320194765019938
70.21137341005134	-363.6134742424371	28.316683624279726
70.2152933740404	-364.1134465474431	28.313172483539514
70.21494337723652	-364.61343386965524	28.309629161738197
70.21459338043265	-365.11342119186736	28.30608583993688
70.21424338362877	-365.6134085140795	28.302542518135564
70.21414883446414	-365.74847655789927	28.301585314776467
70.21414883446414	-365.74847655789927	28.301585314776467
70.21371694946687	-366.24846381172665	28.298041378334673
70.2132850644696	-366.74845106555404	28.29449744189288
70.21519854343384	-367.248427197072	28.29000227664466
70.21711202239808	-367.7484033285899	28.28550711139644
70.21902550136232	-368.24837946010786	28.281011946148222
70.22093898032657	-368.7483555916258	28.276516780900003
70.2228524592908	-369.24833172314374	28.272021615651784
70.22476593825505	-369.7483078546617	28.267526450403565
70.22745876921132	-370.2482595620102	28.261120283005145
70.2301516001676	-370.74821126935876	28.254714115606724
70.23284443112388	-371.2481629767073	28.248307948208303
70.23553726208016	-371.74811468405585	28.241901780809883
70.23823009303644	-372.2480663914044	28.235495613411462
70.24092292399271	-372.74801809875294	28.22908944601304
70.24289347731839	-373.24799369961244	28.22456004596911
70.24486403064407	-373.74796930047194	28.220030645925178
70.24683458396974	-374.24794490133144	28.215501245881246
70.24880513729542	-374.74792050219094	28.210971845837314
70.2507756906211	-375.24789610305044	28.206442445793382
70.25274624394677	-375.74787170390994	28.20191304574945
70.25471679727245	-376.24784730476944	28.197383645705518
70.2701079933335	-376.7475941549289	28.19335911598062
70.28549918939454	-377.24734100508834	28.189334586255722
70.30089038545559	-377.7470878552478	28.185310056530824
70.31628158151663	-378.24683470540725	28.181285526805926
70.33167277757768	-378.7465815555667	28.177260997081028
70.34706397363873	-379.24632840572616	28.17323646735613
70.36245516969977	-379.7460752558856	28.169211937631232
70.37784636576082	-380.24582210604507	28.165187407906334
70.39323756182186	-380.7455689562045	28.161162878181436
70.40862875788291	-381.245315806364	28.157138348456538
70.42401995394395	-381.74506265652343	28.15311381873164
70.43953534378896	-382.24482186983863	28.153076609503817
70.45505073363397	-382.74458108315383	28.153039400275993
70.47056612347897	-383.24434029646903	28.15300219104817
70.48608151332398	-383.74409950978423	28.152964981820347
70.50159690316899	-384.24385872309944	28.152927772592523
70.517112293014	-384.74361793641464	28.1528905633647
70.532627682859	-385.24337714972984	28.152853354136877
70.54814307270401	-385.74313636304504	28.152816144909053
70.56365846254901	-386.24289557636024	28.15277893568123
70.57917385239402	-386.74265478967544	28.152741726453407
70.59468924223903	-387.24241400299064	28.152704517225583
70.61020463208403	-387.74217321630584	28.15266730799776
70.62572002192904	-388.24193242962104	28.152630098769936
70.62983087056163	-388.74191542660355	28.1523081485946
70.63394171919423	-389.24189842358606	28.151986198419262
70.63805256782682	-389.7418814205686	28.151664248243925
70.64216341645941	-390.2418644175511	28.151342298068588
70.646274265092	-390.7418474145336	28.15102034789325
70.6503851137246	-391.2418304115161	28.150698397717914
70.65449596235719	-391.7418134084986	28.150376447542577
70.65860681098978	-392.2417964054811	28.15005449736724
70.66271765962237	-392.74177940246364	28.149732547191903
70.6666790347321	-393.2417612387144	28.148160629075054
70.67064040984182	-393.74174307496514	28.146588710958206
70.67460178495155	-394.2417249112159	28.145016792841357
70.67856316006127	-394.74170674746665	28.14344487472451
70.682524535171	-395.2416885837174	28.14187295660766
70.68648591028072	-395.74167041996816	28.14030103849081
70.69044728539045	-396.2416522562189	28.138729120373963
70.69440866050017	-396.74163409246967	28.137157202257114
70.6983700356099	-397.2416159287204	28.135585284140266
70.70233141071962	-397.7415977649712	28.134013366023417
70.70629278582935	-398.24157960122193	28.13244144790657
70.70947055328271	-398.7415681066789	28.131259836756403
70.71264832073608	-399.2415566121359	28.130078225606237
70.71582608818944	-399.7415451175929	28.12889661445607
70.71900385564281	-400.2415336230499	28.127715003305905
70.72218162309618	-400.7415221285069	28.12653339215574
70.72535939054954	-401.2415106339639	28.125351781005573
70.72853715800291	-401.7414991394209	28.124170169855407
70.73171492545627	-402.2414876448779	28.12298855870524
70.73546797015422	-402.74147130921585	28.12448857560908
70.73922101485216	-403.2414549735538	28.125988592512922
70.74297405955011	-403.74143863789175	28.127488609416762
70.74672710424805	-404.2414223022297	28.128988626320602
70.750480148946	-404.74140596656764	28.130488643224442
70.75423319364394	-405.2413896309056	28.131988660128282
70.75676356762415	-405.578488108702	28.133
70.75676356762415	-405.578488108702	28.133
70.76204987467547	-406.0784495037453	28.12973527579624
70.76733618172679	-406.57841089878855	28.12647055159248
70.77262248877811	-407.0783722938318	28.12320582738872
70.77790879582943	-407.5783336888751	28.11994110318496
70.78319510288075	-408.07829508391836	28.1166763789812
70.78848140993207	-408.57825647896163	28.11341165477744
70.7937677169834	-409.0782178740049	28.11014693057368
70.77203859094199	-409.57774530400195	28.110584836951983
70.75030946490058	-410.077272733999	28.111022743330285
70.72858033885917	-410.57680016399604	28.111460649708587
70.70685121281777	-411.0763275939931	28.11189855608689
70.68512208677636	-411.57585502399013	28.11233646246519
70.66339296073495	-412.0753824539872	28.112774368843493
70.64166383469355	-412.5749098839842	28.113212275221795
70.61993470865214	-413.07443731398126	28.113650181600097
70.59820558261073	-413.5739647439783	28.1140880879784
70.5612098715865	-414.07259398901556	28.1136483614997
70.52421416056227	-414.5712232340528	28.113208635021
70.48721844953803	-415.06985247909006	28.1127689085423
70.4502227385138	-415.5684817241273	28.1123291820636
70.41322702748957	-416.06711096916456	28.1118894555849
70.37623131646534	-416.5657402142018	28.1114497291062
70.3392356054411	-417.06436945923906	28.111010002627502
70.30223989441687	-417.5629987042763	28.110570276148803
70.26524418339264	-418.06162794931356	28.110130549670103
70.2122241140618	-418.5588086282506	28.11062526159177
70.15920404473096	-419.0559893071876	28.11111997351344
70.10618397540011	-419.5531699861246	28.111614685435107
70.05316390606927	-420.0503506650616	28.112109397356775
70.00014383673843	-420.5475313439986	28.112604109278443
69.92998603221474	-421.04258381269756	28.111636793652394
69.85982822769105	-421.5376362813965	28.110669478026345
69.78967042316737	-422.0326887500954	28.109702162400296
69.71951261864368	-422.52774121879435	28.108734846774247
69.64935481411999	-423.0227936874933	28.1077675311482
69.5791970095963	-423.5178461561922	28.10680021552215
69.49650067202526	-424.0109600454048	28.106710672344196
69.41380433445423	-424.50407393461734	28.106621129166243
69.33110799688319	-424.9971878238299	28.10653158598829
69.24841165931215	-425.49030171304247	28.106442042810336
69.16571532174112	-425.98341560225504	28.106352499632383
69.08301898417008	-426.4765294914676	28.10626295645443
68.98216969843392	-426.9662529270109	28.10687797369308
68.88132041269776	-427.45597636255417	28.107492990931732
68.7804711269616	-427.94569979809745	28.108108008170383
68.67962184122544	-428.43542323364073	28.108723025409034
68.57877255548928	-428.925146669184	28.109338042647686
68.47792326975312	-429.4148701047273	28.109953059886337
68.36723808800865	-429.90245961932044	28.11224561326536
68.25655290626418	-430.3900491339136	28.114538166644387
68.1458677245197	-430.8776386485067	28.11683072002341
68.03518254277523	-431.36522816309986	28.119123273402437
67.92449736103076	-431.852817677693	28.121415826781462
67.80414826926308	-432.3381175329495	28.121798708869104
67.6837991774954	-432.82341738820605	28.122181590956746
67.56345008572772	-433.3087172434626	28.122564473044388
67.44310099396004	-433.7940170987191	28.12294735513203
67.32275190219237	-434.27931695397564	28.123330237219673
67.20240281042469	-434.76461680923217	28.123713119307315
67.06157541518932	-435.2443478332717	28.12879143843639
66.92074801995396	-435.72407885731127	28.133869757565467
66.7799206247186	-436.2038098813508	28.138948076694543
66.63909322948324	-436.6835409053904	28.14402639582362
66.49826583424787	-437.1632719294299	28.149104714952696
66.35743843901251	-437.6430029534695	28.154183034081772
66.21944236445013	-438.12357989081215	28.1558832398644
66.08144628988775	-438.6041568281548	28.15758344564703
65.94345021532537	-439.0847337654975	28.15928365142966
65.80545414076299	-439.5653107028402	28.16098385721229
65.66745806620061	-440.04588764018285	28.16268406299492
65.5141465558305	-440.52179109017584	28.16607332144159
65.36083504546038	-440.9976945401688	28.16946257988826
65.20752353509026	-441.4735979901618	28.172851838334932
65.05421202472014	-441.9495014401548	28.176241096781602
64.89768162255905	-442.42435792091464	28.179332355368945
64.74115122039795	-442.8992144016745	28.18242361395629
64.58462081823686	-443.37407088243435	28.18551487254363
64.41675665376978	-443.84505025570485	28.185286308486102
64.2488924893027	-444.31602962897534	28.185057744428573
64.08102832483563	-444.78700900224584	28.184829180371043
63.91316416036855	-445.25798837551633	28.184600616313514
63.74232528838252	-445.72789515624896	28.185903397956256
63.57148641639648	-446.1978019369816	28.187206179599
63.40064754441045	-446.6677087177142	28.18850896124174
63.22980867242441	-447.13761549844685	28.189811742884483
63.05144574616945	-447.6047069000813	28.193317318004635
62.87308281991449	-448.0717983017157	28.196822893124786
62.694719893659524	-448.53888970335015	28.200328468244937
62.511342826988326	-449.0040480620663	28.201071930095114
62.32796576031713	-449.4692064207825	28.201815391945292
62.14458869364593	-449.93436477949865	28.20255885379547
61.96121162697473	-450.3995231382148	28.203302315645647
61.767269455000736	-450.8603680402069	28.206202356669007
61.57332728302674	-451.32121294219894	28.209102397692366
61.37938511105275	-451.782057844191	28.212002438715725
61.185442939078754	-452.24290274618306	28.214902479739084
60.99150076710476	-452.7037476481751	28.217802520762444
60.791186577040776	-453.1618624397727	28.220052627104295
60.59087238697679	-453.6199772313702	28.222302733446146
60.39055819691281	-454.0780920229678	28.224552839787997
60.19024400684882	-454.53620681456533	28.226802946129848
59.98992981678484	-454.9943216061629	28.2290530524717
59.777018478405644	-455.4467182488219	28.231510632667888
59.56410714002645	-455.89911489148096	28.233968212864077
59.35119580164726	-456.35151153414	28.236425793060267
59.138284463268064	-456.80390817679904	28.238883373256456
58.92537312488887	-457.2563048194581	28.241340953452646
58.71246178650968	-457.7087014621171	28.243798533648835
58.48382577094184	-458.1533567310927	28.246493743754034
58.255189755374005	-458.59801200006825	28.249188953859232
58.02655373980617	-459.0426672690438	28.25188416396443
57.79791772423833	-459.4873225380194	28.25457937406963
57.569281708670495	-459.93197780699495	28.257274584174827
57.34064569310266	-460.3766330759705	28.259969794280025
57.08454747833358	-460.80605793985046	28.262796572263316
56.82844926356451	-461.2354828037304	28.265623350246607
56.57235104879543	-461.66490766761035	28.268450128229897
56.31625283402636	-462.0943325314903	28.27127690621319
56.06015461925728	-462.52375739537024	28.27410368419648
55.77788384086466	-462.93645787377767	28.275337697116946
55.49561306247204	-463.3491583521851	28.276571710037413
55.21334228407942	-463.76185883059253	28.27780572295788
54.931071505686795	-464.17455930899996	28.279039735878346
54.62663013680425	-464.5711892080663	28.278620117538313
54.32218876792171	-464.96781910713264	28.27820049919828
54.017747399039166	-465.364449006199	28.27778088085825
53.71330603015662	-465.7610789052653	28.277361262518216
53.39261012916466	-466.1446855715167	28.277106911401027
53.071914228172695	-466.528292237768	28.27685256028384
52.75121832718073	-466.9118989040194	28.27659820916665
52.430522426188766	-467.29550557027073	28.27634385804946
52.1098265251968	-467.6791122365221	28.276089506932273
51.78913062420484	-468.06271890277344	28.275835155815084
51.454199267641414	-468.4339606105446	28.276597259313647
51.11926791107799	-468.80520231831576	28.27735936281221
50.78433655451457	-469.1764440260869	28.278121466310772
50.449405197951144	-469.5476857338581	28.278883569809334
50.11447384138772	-469.91892744162925	28.279645673307897
49.7795424848243	-470.2901691494004	28.28040777680646
49.43588593142511	-470.6533482050994	28.281478667743553
49.09222937802593	-471.0165272607984	28.282549558680646
48.74857282462674	-471.3797063164974	28.28362044961774
48.404916271227556	-471.7428853721964	28.284691340554833
48.06125971782837	-472.1060644278954	28.285762231491926
47.717603164429185	-472.46924348359437	28.28683312242902
47.36661326196679	-472.8253416939841	28.287224180802674
47.015623359504396	-473.18143990437386	28.28761523917633
46.664633457042	-473.5375381147636	28.288006297549984
46.313643554579606	-473.89363632515335	28.28839735592364
45.96265365211721	-474.2497345355431	28.288788414297294
45.61166374965482	-474.60583274593284	28.28917947267095
45.25378169110478	-474.95500235114645	28.29018890962921
44.89589963255474	-475.30417195636005	28.291198346587475
44.5380175740047	-475.65334156157365	28.292207783545738
44.18013551545466	-476.00251116678726	28.293217220504
43.82225345690462	-476.35168077200086	28.294226657462264
43.761510782991536	-476.41094469698146	28.294397987369784
43.761510782991536	-476.41094469698146	28.294397987369784
43.393456290921186	-476.74937035926246	28.296388458801477
43.02540179885084	-477.08779602154345	28.29837893023317
42.65734730678049	-477.42622168382445	28.300369401664863
42.28929281471014	-477.76464734610545	28.302359873096556
41.92123832263979	-478.10307300838645	28.30435034452825
41.54270054224852	-478.4297357058697	28.305144630013253
41.16416276185725	-478.75639840335293	28.305938915498256
40.78562498146598	-479.0830611008362	28.30673320098326
40.40708720107471	-479.4097237983194	28.307527486468263
40.02854942068344	-479.73638649580266	28.308321771953267
39.65001164029217	-480.0630491932859	28.30911605743827
39.25944350570239	-480.37522947501077	28.309053246254265
38.868875371112615	-480.68740975673563	28.30899043507026
38.47830723652284	-480.9995900384605	28.308927623886255
38.08773910193306	-481.31177032018536	28.30886481270225
37.69717096734328	-481.6239506019102	28.308802001518245
37.306602832753505	-481.9361308836351	28.30873919033424
36.91603469816373	-482.24831116535995	28.308676379150235
36.516557772588634	-482.549005314414	28.309778494277197
36.11708084701354	-482.849699463468	28.31088060940416
35.717603921438446	-483.15039361252207	28.31198272453112
35.31812699586335	-483.4510877615761	28.31308483965808
34.91865007028826	-483.75178191063014	28.314186954785043
34.519173144713164	-484.0524760596842	28.315289069912005
34.11969621913807	-484.3531702087382	28.316391185038967
33.71738182568144	-484.65004742105646	28.313736072277422
33.315067432224815	-484.9469246333747	28.311080959515877
32.91275303876819	-485.24380184569293	28.308425846754332
32.51043864531156	-485.54067905801116	28.305770733992787
32.10812425185493	-485.8375562703294	28.303115621231242
31.705809858398304	-486.13443348264764	28.300460508469698
31.29931466741062	-486.42557200060656	28.300612378715424
30.892819476422936	-486.7167105185655	28.30076424896115
30.486324285435252	-487.0078490365244	28.300916119206878
30.079829094447568	-487.29898755448335	28.301067989452605
29.673333903459884	-487.5901260724423	28.30121985969833
29.589355843083467	-487.65027253562585	28.30125123465416
29.589355843083467	-487.65027253562585	28.30125123465416
29.175123170503078	-487.9302927001621	28.301230740792043
28.760890497922688	-488.2103128646984	28.301210246929926
28.346657825342298	-488.49033302923465	28.30118975306781
27.93242515276191	-488.7703531937709	28.301169259205693
27.513974427092307	-489.04402999131185	28.301143291114915
27.095523701422707	-489.3177067888528	28.301117323024137
26.677072975753106	-489.5913835863937	28.30109135493336
26.258622250083505	-489.86506038393463	28.30106538684258
25.840171524413904	-490.13873718147556	28.301039418751802
25.41801324096115	-490.40665940291603	28.301298205567587
24.9958549575084	-490.6745816243565	28.30155699238337
24.573696674055647	-490.942503845797	28.301815779199156
24.151538390602894	-491.21042606723745	28.30207456601494
23.722620168518755	-491.46738698036125	28.30257245231617
23.293701946434616	-491.72434789348506	28.3030703386174
22.864783724350477	-491.98130880660887	28.303568224918628
22.43586550226634	-492.23826971973267	28.304066111219857
22.0069472801822	-492.4952306328565	28.304563997521086
21.57802905809806	-492.7521915459803	28.305061883822315
21.144514476511578	-493.0013159244335	28.306528721295024
20.710999894925095	-493.2504403028868	28.307995558767733
20.277485313338612	-493.49956468134	28.30946239624044
19.84397073175213	-493.74868905979326	28.31092923371315
19.410456150165647	-493.9978134382465	28.31239607118586
18.976941568579164	-494.24693781669976	28.313862908658567
18.54342698699268	-494.496062195153	28.315329746131276
18.104905927771206	-494.73626362509486	28.316927767771343
17.66638486854973	-494.9764650550367	28.31852578941141
17.227863809328255	-495.2166664849786	28.320123811051477
16.78934275010678	-495.45686791492045	28.321721832691544
16.350821690885304	-495.6970693448623	28.32331985433161
15.91230063166383	-495.9372707748042	28.32491787597168
15.473779572442357	-496.17747220474604	28.326515897611745
15.033180942583831	-496.4138450622702	28.327364185681358
14.592582312725305	-496.65021791979433	28.32821247375097
14.15198368286678	-496.8865907773185	28.329060761820582
13.711385053008254	-497.1229636348426	28.329909049890194
13.270786423149728	-497.35933649236677	28.330757337959806
12.830187793291202	-497.5957093498909	28.33160562602942
12.389589163432676	-497.83208220741506	28.33245391409903
11.949404110338762	-498.0692235570384	28.333502404214766
11.509219057244847	-498.30636490666177	28.3345508943305
11.069034004150932	-498.5435062562851	28.335599384446237
10.628848951057018	-498.7806476059085	28.336647874561972
10.188663897963103	-499.01778895553184	28.337696364677708
9.748478844869188	-499.2549303051552	28.338744854793443
9.308293791775274	-499.49207165477856	28.33979334490918
8.867895365164621	-499.72881650468344	28.34084305076139
8.427496938553968	-499.9655613545883	28.3418927566136
7.987098511943316	-500.2023062044932	28.34294246246581
7.546700085332663	-500.4390510543981	28.34399216831802
7.1063016587220105	-500.67579590430296	28.34504187417023
6.665903232111358	-500.91254075420784	28.346091580022442
6.225504805500705	-501.1492856041127	28.347141285874653
5.784399601341603	-501.3847027285947	28.349372062512753
5.3432943971825	-501.62011985307663	28.351602839150853
4.902189193023398	-501.8555369775586	28.353833615788954
4.461083988864296	-502.09095410204054	28.356064392427054
4.019978784705193	-502.3263712265225	28.358295169065155
3.578873580546091	-502.56178835100445	28.360525945703255
3.1377683763869886	-502.7972054754864	28.362756722341356
2.6982637249120276	-503.0355896634287	28.36569615612268
2.2587590734370666	-503.273973851371	28.368635589904006
1.8192544219621056	-503.5123580393133	28.37157502368533
1.3797497704871446	-503.7507422272556	28.374514457466656
0.9402451190121838	-503.9891264151979	28.37745389124798
0.5007404675372229	-504.2275106031402	28.380393325029306
0.06200848986387619	-504.46731783294086	28.38299030445979
-0.3767234878094705	-504.7071250627415	28.38558728389027
-0.8154554654828172	-504.94693229254216	28.388184263320753
-1.254187443156164	-505.1867395223428	28.390781242751235
-1.6929194208295106	-505.42654675214345	28.393378222181717
-2.131651398502857	-505.6663539819441	28.3959752016122
-2.5703833761762036	-505.90616121174475	28.39857218104268
-3.0099833610843167	-506.1443753532915	28.40099623466264
-3.44958334599243	-506.3825894948382	28.403420288282597
-3.889183330900543	-506.62080363638495	28.405844341902554
-4.328783315808656	-506.8590177779317	28.408268395522512
-4.76838330071677	-507.0972319194784	28.41069244914247
-5.207983285624883	-507.33544606102515	28.413116502762428
-5.64799448473366	-507.57289615950555	28.41587247636801
-6.088005683842437	-507.81034625798594	28.41862844997359
-6.5280168829512135	-508.04779635646634	28.42138442357917
-6.96802808205999	-508.28524645494673	28.42414039718475
-7.408039281168767	-508.5226965534271	28.42689637079033
-7.848050480277544	-508.7601466519075	28.42965234439591
-8.287561114674437	-508.9985321849574	28.431307604064354
-8.72707174907133	-509.2369177180073	28.432962863732797
-9.166582383468223	-509.4753032510572	28.43461812340124
-9.606093017865115	-509.7136887841071	28.436273383069683
-10.045603652262008	-509.952074317157	28.437928642738125
-10.4851142866589	-510.1904598502069	28.439583902406568
-10.925098899163691	-510.42797081384157	28.44102713222773
-11.365083511668482	-510.66548177747626	28.442470362048894
-11.805068124173273	-510.90299274111095	28.443913591870057
-12.245052736678064	-511.14050370474564	28.44535682169122
-12.685037349182855	-511.37801466838033	28.446800051512383
-13.125021961687645	-511.615525632015	28.448243281333546
-13.563862375641763	-511.85514839859525	28.44838756240781
-14.002702789595881	-512.0947711651754	28.448531843482073
-14.44154320355	-512.3343939317556	28.448676124556336
-14.880383617504117	-512.5740166983358	28.4488204056306
-15.319224031458235	-512.8136394649159	28.448964686704862
-15.758064445412353	-513.0532622314961	28.449108967779125
-16.197678732452793	-513.2914622231804	28.44890259057113
-16.637293019493235	-513.5296622148646	28.448696213363135
-17.076907306533677	-513.7678622065489	28.44848983615514
-17.51652159357412	-514.0060621982332	28.448283458947145
-17.95613588061456	-514.2442621899174	28.44807708173915
-18.396492904503262	-514.4810861762477	28.44837876124158
-18.836849928391963	-514.7179101625779	28.448680440744013
-19.277206952280665	-514.9547341489082	28.448982120246445
-19.717563976169366	-515.1915581352384	28.449283799748876
-20.157921000058067	-515.4283821215687	28.449585479251308
-20.59827802394677	-515.6652061078989	28.44988715875374
-21.03898872717531	-515.9013706134729	28.449252834847012
-21.479699430403855	-516.1375351190468	28.448618510940285
-21.920410133632398	-516.3736996246207	28.44798418703356
-22.36112083686094	-516.6098641301946	28.44734986312683
-22.804098941793246	-516.8417471725555	28.446541645300137
-23.24707704672555	-517.0736302149164	28.445733427473442
-23.690055151657855	-517.3055132572773	28.444925209646748
-24.13303325659016	-517.5373962996382	28.444116991820053
-24.57291875058314	-517.7750932328319	28.44315776042348
-25.012804244576117	-518.0127901660255	28.44219852902691
-25.452689738569095	-518.2504870992192	28.44123929763034
-25.892575232562073	-518.4881840324128	28.44028006623377
-26.332460726555052	-518.7258809656065	28.439320834837197
-26.771687619222718	-518.964793374528	28.43854777542104
-27.21091451189038	-519.2037057834494	28.43777471600488
-27.650141404558042	-519.4426181923709	28.437001656588723
-28.089368297225704	-519.6815306012924	28.436228597172565
-28.528595189893366	-519.9204430102138	28.435455537756408
-28.970429633828854	-520.1544992335391	28.435363478574807
-29.41226407776434	-520.3885554568644	28.435271419393207
-29.85409852169983	-520.6226116801897	28.435179360211606
-30.295932965635316	-520.856667903515	28.435087301030006
-30.737767409570804	-521.0907241268403	28.434995241848405
-31.17928447762496	-521.3253783947616	28.434764670460208
-31.620801545679118	-521.5600326626829	28.43453409907201
-32.062318613733275	-521.7946869306043	28.434303527683813
-32.50383568178743	-522.0293411985256	28.434072956295616
-32.94535274984158	-522.2639954664469	28.433842384907418
-33.38726967084768	-522.4978957933768	28.433574074264854
-33.82918659185378	-522.7317961203066	28.43330576362229
-34.271103512859874	-522.9656964472365	28.433037452979725
-34.71302043386597	-523.1995967741664	28.43276914233716
-35.15493735487207	-523.4334971010962	28.432500831694597
-35.592820329328646	-523.6748648402871	28.432161480928787
-36.030703303785224	-523.916232579478	28.431822130162978
-36.4685862782418	-524.1576003186689	28.431482779397168
-36.90646925269838	-524.3989680578597	28.43114342863136
-37.34435222715496	-524.6403357970506	28.43080407786555
-37.78463842557268	-524.8772903982966	28.430042217495643
-38.224924623990404	-525.1142449995426	28.429280357125737
-38.66521082240813	-525.3511996007886	28.42851849675583
-39.10549702082585	-525.5881542020346	28.427756636385926
-39.545783219243575	-525.8251088032806	28.42699477601602
-39.9860694176613	-526.0620634045266	28.426232915646114
-40.42749023070592	-526.2968945875174	28.424825326873638
-40.86891104375054	-526.5317257705082	28.42341773810116
-41.310331856795166	-526.7665569534989	28.422010149328685
-41.75175266983979	-527.0013881364897	28.42060256055621
-42.1914223978822	-527.2394856747309	28.42029837871802
-42.63109212592461	-527.477583212972	28.41999419687983
-43.07076185396702	-527.7156807512132	28.419690015041642
-43.51043158200943	-527.9537782894544	28.419385833203453
-43.95010131005184	-528.1918758276955	28.419081651365264
-44.38977103809425	-528.4299733659367	28.418777469527075
-44.82944076613666	-528.6680709041779	28.418473287688887
-45.271679824996845	-528.9013600155146	28.419370700746477
-45.713918883857026	-529.1346491268513	28.420268113804067
-46.15615794271721	-529.367938238188	28.421165526861657
-46.59839700157739	-529.6012273495247	28.422062939919247
-47.04063606043757	-529.8345164608614	28.422960352976837
-47.48268357566241	-530.068169841522	28.423263650510954
-47.924731090887256	-530.3018232221826	28.42356694804507
-48.3667786061121	-530.5354766028432	28.423870245579188
-48.80882612133694	-530.7691299835038	28.424173543113305
-49.250873636561785	-531.0027833641644	28.424476840647422
-49.69112318547876	-531.239807275329	28.424491491682755
-50.13137273439573	-531.4768311864935	28.424506142718087
-50.571622283312706	-531.7138550976581	28.42452079375342
-51.01187183222968	-531.9508790088227	28.424535444788752
-51.452121381146654	-532.1879029199872	28.424550095824085
-51.89244373424305	-532.424790258271	28.42533388439061
-52.33276608733945	-532.6616775965547	28.426117672957137
-52.77308844043585	-532.8985649348384	28.426901461523663
-53.21341079353225	-533.1354522731222	28.42768525009019
-53.653277435539515	-533.3731836145043	28.428756031982147
-54.09314407754678	-533.6109149558865	28.429826813874104
-54.53301071955405	-533.8486462972687	28.430897595766062
-54.972877361561316	-534.0863776386509	28.43196837765802
-55.412744003568584	-534.3241089800331	28.433039159549978
-55.854949542355314	-534.5574619792089	28.43383868563606
-56.297155081142044	-534.7908149783848	28.434638211722145
-56.739360619928775	-535.0241679775606	28.43543773780823
-57.181566158715505	-535.2575209767365	28.436237263894313
-57.623771697502235	-535.4908739759123	28.437036789980397
-58.0652906779248	-535.7255247566375	28.437004670197094
-58.506809658347365	-535.9601755373626	28.436972550413792
-58.94832863876993	-536.1948263180877	28.43694043063049
-59.389847619192494	-536.4294770988129	28.436908310847187
-59.83136659961506	-536.664127879538	28.436876191063885
-60.274634998444995	-536.8954568171087	28.436654287583874
-60.71790339727493	-537.1267857546793	28.436432384103863
-61.16117179610487	-537.35811469225	28.436210480623853
-61.60141252791448	-537.5951549605508	28.436114253607613
-62.0416532597241	-537.8321952288516	28.436018026591373
-62.48189399153372	-538.0692354971524	28.435921799575134
-62.92213472334333	-538.3062757654532	28.435825572558894
-63.36237545515295	-538.543316033754	28.435729345542654
-63.80261618696257	-538.7803563020548	28.435633118526415
-64.24399196602837	-539.0152763281266	28.435687931635183
-64.68536774509418	-539.2501963541984	28.43574274474395
-65.12674352415999	-539.4851163802701	28.43579755785272
-65.5681193032258	-539.7200364063419	28.435852370961488
-66.00949508229161	-539.9549564324137	28.435907184070256
-66.45087086135742	-540.1898764584855	28.435961997179025
-66.89227245702465	-540.4247478348678	28.436222570964553
-67.33367405269188	-540.6596192112502	28.43648314475008
-67.7750756483591	-540.8944905876325	28.43674371853561
-68.21647724402634	-541.1293619640148	28.437004292321138
-68.65787883969357	-541.3642333403972	28.437264866106666
-69.10066950085118	-541.5964754174333	28.437484058941155
-69.5434601620088	-541.8287174944695	28.437703251775645
-69.98625082316642	-542.0609595715057	28.437922444610134
-70.42904148432403	-542.2932016485419	28.438141637444623
-70.87117493008319	-542.5266895071727	28.436943299788563
-71.31330837584235	-542.7601773658035	28.435744962132503
-71.75544182160152	-542.9936652244344	28.434546624476443
-72.19757526736069	-543.2271530830652	28.433348286820383
-72.64123018156916	-543.4577337959096	28.431659511275548
-73.08488509577762	-543.6883145087539	28.429970735730713
-73.52854000998609	-543.9188952215983	28.428281960185878
-73.97668677698637	-544.1406256676332	28.42857269777649
-74.42483354398665	-544.3623561136682	28.428863435367106
-74.86074459552765	-544.5780326710083	28.429146234972457
-74.86074459552765	-544.5780326710083	28.429146234972457
-75.31637149964291	-544.7839488220628	28.430778099304415
-75.77356975383441	-544.9863506893146	28.432578237428707
-76.23347214871406	-545.1825359856422	28.4336349724098
-76.6933745435937	-545.3787212819698	28.43469170739089
-77.15439251735621	-545.5722720419794	28.435420519848044
-77.61541049111872	-545.7658228019891	28.4361493323052
-78.07642846488123	-545.9593735619987	28.436878144762353
-78.54114889744686	-546.1438570211373	28.437757269494135
-79.00586933001249	-546.3283404802758	28.438636394225917
-79.47397407634756	-546.504057973873	28.43978046697009
-79.94207882268263	-546.6797754674703	28.440924539714267
-80.4140011683904	-546.8449688946299	28.44158123213771
-80.88592351409817	-547.0101623217895	28.442237924561155
-81.35938293077062	-547.1708985424608	28.44245730657087
-81.83284234744308	-547.3316347631321	28.442676688580583
-82.30904271514413	-547.4840591043005	28.44284995355874
-82.78524308284518	-547.6364834454689	28.443023218536894
-83.26144345054624	-547.7889077866373	28.44319648351505
-83.74061705072654	-547.9317103869878	28.44347616795158
-84.221213252169	-548.0696496162105	28.443721525924044
-84.70180945361145	-548.2075888454333	28.443966883896508
-85.1824056550539	-548.345528074656	28.44421224186897
-85.66400371510284	-548.4799277185243	28.444422682350375
-86.14560177515177	-548.6143273623926	28.444633122831778
-86.62719983520071	-548.7487270062609	28.44484356331318
-87.11238126124692	-548.8695532075379	28.444957162244563
-87.59756268729313	-548.990379408815	28.445070761175945
-88.08274411333934	-549.111205610092	28.445184360107326
-88.56792553938556	-549.2320318113691	28.445297959038708
-89.05568568308145	-549.3419865324393	28.44533715272267
-89.54344582677734	-549.4519412535094	28.44537634640663
-90.03120597047324	-549.5618959745796	28.44541554009059
-90.52166895982471	-549.6590858248937	28.44498071562264
-91.01265633236785	-549.7535903744739	28.44444209531103
-91.50380004534445	-549.8472788360915	28.443871689056632
-91.9960947984102	-549.9347170718345	28.44321515719478
-92.48838955147595	-550.0221553075775	28.442558625332925
-92.98185908228972	-550.1026989195301	28.441817860819647
-93.47626329507783	-550.1772899262106	28.441007860968746
-93.97066750786594	-550.2518809328911	28.440197861117845
-94.46793315255603	-550.3040918665621	28.439250751750244
-94.96519879724612	-550.356302800233	28.438303642382643
-95.46362475216486	-550.3959344413072	28.437354701337455
-95.9627215552319	-550.4259591736087	28.43640780193087
-96.46181835829893	-550.4559839059102	28.435460902524284
-96.96153670100954	-550.4727377227399	28.434518787777808
-97.46144400366974	-550.4823207055811	28.433594024636886
-97.96139334237014	-550.4893791732527	28.43267927485862
-98.46138681665424	-550.4917718034567	28.43178429216506
-98.96138029093834	-550.4941644336607	28.430889309471496
-99.46136123810655	-550.4898863400354	28.430023062557503
-99.96134218527476	-550.48560824641	28.42915681564351
-100.46122928697402	-550.4750095740427	28.428412706268787
-100.96111638867328	-550.4644109016754	28.427668596894065
-101.46077630601485	-550.4459813285804	28.427104825883326
-101.96043622335642	-550.4275517554854	28.426541054872587
-102.45953303624796	-550.3975124598229	28.426650953020996
-102.9586298491395	-550.3674731641604	28.426760851169405
-103.45772666203104	-550.3374338684979	28.426870749317814
-103.95587331186611	-550.2944335537429	28.427813187147276
-104.45401996170119	-550.2514332389879	28.428755624976738
-104.94934597758962	-550.1832266640648	28.42872213845053
-105.44467199347804	-550.1150200891417	28.428688651924325
-105.93999800936646	-550.0468135142186	28.42865516539812
-106.43532402525489	-549.9786069392954	28.428621678871913
-106.92939768234807	-549.9018541944141	28.42813431889559
-107.42347133944125	-549.8251014495328	28.42764695891927
-107.91754499653443	-549.7483487046514	28.427159598942946
-108.41161865362761	-549.6715959597701	28.426672238966624
-108.9056923107208	-549.5948432148888	28.426184878990302
-109.39840511493598	-549.5097911352517	28.425698759852082
-109.89111791915117	-549.4247390556146	28.425212640713863
-110.38383072336636	-549.3396869759775	28.424726521575643
-110.87654352758155	-549.2546348963405	28.424240402437423
-111.36717520160752	-549.1582998839837	28.423885667754163
-111.8578068756335	-549.0619648716269	28.423530933070904
-112.34522577875559	-548.9505074571837	28.423290839553513
-112.83264468187768	-548.8390500427405	28.42305074603612
-113.32006358499977	-548.7275926282973	28.42281065251873
-113.80433464379799	-548.603167883779	28.422653929875715
-114.2886057025962	-548.4787431392606	28.4224972072327
-114.76812130088469	-548.3370929403461	28.42260741392256
-115.24763689917317	-548.1954427414316	28.42271762061242
-115.72715249746166	-548.0537925425172	28.42282782730228
-116.20666809575015	-547.9121423436027	28.422938033992143
-116.68366915437855	-547.7622426282404	28.423193771529796
-117.16067021300695	-547.6123429128781	28.42344950906745
-117.63767127163536	-547.4624431975159	28.423705246605103
-118.11467233026376	-547.3125434821536	28.423960984142756
-118.58819533435113	-547.1519967302546	28.42480065952546
-119.0617183384385	-546.9914499783556	28.425640334908163
-119.53524134252586	-546.8309032264566	28.426480010290867
-120.00876434661323	-546.6703564745576	28.42731968567357
-120.4822873507006	-546.5098097226586	28.428159361056274
-120.94794105197391	-546.3277057476406	28.43034402879111
-121.41359475324722	-546.1456017726226	28.43252869652595
-121.87543757272522	-545.9540352009456	28.434388457944387
-122.33728039220321	-545.7624686292685	28.436248219362824
-122.79665891519909	-545.5650631868009	28.43781789904363
-123.25603743819497	-545.3676577443333	28.439387578724435
-123.711827899962	-545.1621003950097	28.44049712874995
-124.16761836172904	-544.9565430456861	28.441606678775464
-124.62340882349608	-544.7509856963625	28.44271622880098
-125.07402001757313	-544.534307722731	28.443171767402745
-125.51943445415111	-544.3071382762082	28.443320946721773
-125.96484889072909	-544.0799688296854	28.4434701260408
-126.41026332730706	-543.8527993831626	28.443619305359828
-126.85038166322323	-543.6155319486907	28.443497119148418
-127.2904999991394	-543.3782645142187	28.443374932937008
-127.72739385540058	-543.1351107394917	28.44336088988053
-128.16428771166176	-542.8919569647646	28.443346846824053
-128.60118156792294	-542.6488031900376	28.443332803767575
-129.03515185413323	-542.4004691844651	28.44344399216353
-129.46912214034353	-542.1521351788926	28.443555180559486
-129.8976502166877	-541.8945236940705	28.443658488207838
-130.3261782930319	-541.6369122092483	28.44376179585619
-130.75470636937607	-541.3793007244261	28.443865103504542
-131.17836423896233	-541.1137559992891	28.443957241994557
-131.6020221085486	-540.848211274152	28.44404938048457
-132.01646697897323	-540.5685054036966	28.444323991952285
-132.43091184939786	-540.2887995332411	28.444598603419998
-132.8453567198225	-540.0090936627856	28.44487321488771
-133.25980159024712	-539.7293877923302	28.445147826355424
-133.6660896153524	-539.4379605300819	28.445585404356166
-134.0723776404577	-539.1465332678337	28.446022982356908
-134.47866566556297	-538.8551060055854	28.44646056035765
-134.87746611724756	-538.5535132349905	28.44648203220535
-135.27626656893216	-538.2519204643957	28.446503504053048
-135.67506702061675	-537.9503276938008	28.446524975900747
-136.06721007954536	-537.6401282810772	28.446143295322386
-136.45935313847397	-537.3299288683536	28.445761614744026
-136.85149619740258	-537.01972945563	28.445379934165665
-137.23114355634962	-536.6943563598356	28.445860951557137
-137.61079091529666	-536.3689832640413	28.44634196894861
-137.9904382742437	-536.0436101682469	28.44682298634008
-138.36296314650525	-535.7101078217688	28.4480080771146
-138.7354880187668	-535.3766054752907	28.44919316788912
-139.10801289102835	-535.0431031288126	28.45037825866364
-139.47513885211728	-534.7036680352307	28.451909904698397
-139.8422648132062	-534.3642329416489	28.453441550733153
-140.20939077429514	-534.024797848067	28.45497319676791
-140.57651673538408	-533.6853627544851	28.456504842802666
-140.93920047010278	-533.3411862064646	28.45824045888003
-141.30188420482148	-532.9970096584441	28.459976074957396
-141.65509218411376	-532.6431144239882	28.46148815751969
-142.00830016340603	-532.2892191895323	28.463000240081982
-142.3615081426983	-531.9353239550765	28.464512322644275
-142.7147161219906	-531.5814287206206	28.466024405206568
-143.0536002642735	-531.2137926472992	28.46714498631532
-143.39248440655643	-530.8461565739779	28.46826556742407
-143.72229285553266	-530.4703564674394	28.469082212717822
-144.05210130450888	-530.0945563609009	28.469898858011575
-144.3819097534851	-529.7187562543625	28.47071550330533
-144.7062273581977	-529.3382070535204	28.47134559216036
-145.0305449629103	-528.9576578526783	28.471975681015394
-145.35486256762292	-528.5771086518362	28.472605769870427
-145.6666246065826	-528.186206860863	28.473075746146264
-145.97838664554226	-527.7953050698898	28.473545722422102
-146.29014868450193	-527.4044032789166	28.47401569869794
-146.6019107234616	-527.0135014879434	28.474485674973778
-146.89637921922687	-526.6094121211264	28.47478337813936
-147.19084771499215	-526.2053227543095	28.475081081304943
-147.47982370464564	-525.7972874981523	28.475408398411115
-147.76879969429913	-525.3892522419951	28.47573571551729
-148.05777568395263	-524.9812169858379	28.47606303262346
-148.3428490068485	-524.5704456756077	28.476425337564102
-148.62792232974437	-524.1596743653776	28.476787642504743
-148.9078282372385	-523.7453645145035	28.476962051915706
-149.18773414473264	-523.3310546636295	28.47713646132667
-149.46764005222678	-522.9167448127555	28.477310870737632
-149.71968804878398	-522.4849212001197	28.47689253871504
-149.97173604534117	-522.053097587484	28.476474206692444
-150.22378404189837	-521.6212739748482	28.47605587466985
-150.473516986067	-521.188107293828	28.475767689271255
-150.72324993023565	-520.7549406128078	28.47547950387266
-150.9729828744043	-520.3217739317876	28.475191318474064
-151.22271581857294	-519.8886072507673	28.47490313307547
-151.44823855147928	-519.442357163854	28.475500520963926
-151.67376128438562	-518.9961070769407	28.476097908852385
-151.89928401729196	-518.5498569900274	28.476695296740843
-152.1248067501983	-518.103606903114	28.4772926846293
-152.35032948310464	-517.6573568162007	28.47789007251776
-152.55270704953932	-517.2001464375891	28.479300850233496
-152.755084615974	-516.7429360589774	28.480711627949233
-152.95746218240868	-516.2857256803658	28.48212240566497
-153.14841326590573	-515.8236243378191	28.482303865940487
-153.33936434940279	-515.3615229952724	28.482485326216004
-153.53031543289984	-514.8994216527257	28.48266678649152
-153.7212665163969	-514.437320310179	28.482848246767038
-153.91221759989395	-513.9752189676323	28.483029707042554
-154.08915187910046	-513.5075747885069	28.481245730627013
-154.26608615830696	-513.0399306093815	28.47946175421147
-154.44302043751347	-512.5722864302561	28.47767777779593
-154.61073603569392	-512.1012632237608	28.474742293183628
-154.77845163387437	-511.6302400172656	28.471806808571326
-154.94616723205482	-511.1592168107703	28.468871323959025
-155.11388283023527	-510.68819360427506	28.465935839346724
-155.2749591054038	-510.2148643337258	28.462216266904264
-155.43603538057235	-509.74153506317657	28.458496694461804
-155.58934851021465	-509.2656224676338	28.460008542027325
-155.74266163985695	-508.78970987209107	28.461520389592845
-155.89597476949925	-508.3137972765483	28.463032237158366
-156.04928789914155	-507.83788468100556	28.464544084723887
-156.19528145371928	-507.35971925942823	28.471155561828898
-156.341275008297	-506.8815538378509	28.47776703893391
-156.48726856287473	-506.4033884162736	28.48437851603892
-156.6229627408622	-505.92215773608797	28.486408912163476
-156.75865691884965	-505.44092705590236	28.488439308288033
-156.8943510968371	-504.95969637571676	28.49046970441259
-157.03004527482457	-504.47846569553116	28.492500100537146
-157.16573945281203	-503.99723501534555	28.494530496661703
-157.2936388630991	-503.51388079341785	28.491299863151337
-157.42153827338615	-503.03052657149016	28.48806922964097
-157.5494376836732	-502.54717234956246	28.484838596130604
-157.67733709396026	-502.06381812763476	28.481607962620238
-157.79107107276806	-501.57693108487257	28.479243717533194
-157.90480505157586	-501.0900440421104	28.47687947244615
-158.01853903038366	-500.6031569993482	28.474515227359106
-158.13227300919147	-500.116269956586	28.472150982272062
-158.24600698799927	-499.6293829138238	28.469786737185018
-158.34442127364034	-499.13916399379053	28.46958970122042
-158.4428355592814	-498.64894507375726	28.469392665255825
-158.54124984492248	-498.158726153724	28.469195629291228
-158.63966413056355	-497.6685072336907	28.46899859332663
-158.73807841620462	-497.17828831365745	28.468801557362035
-158.83649270184569	-496.6880693936242	28.468604521397438
-158.85955110844225	-496.57321140216663	28.468558355992123
-158.85955110844225	-496.57321140216663	28.468558355992123
-158.9144633663589	-496.0762366528057	28.467696713316357
-158.96937562427553	-495.5792619034447	28.46683507064059
-159.02428788219217	-495.08228715408376	28.465973427964826
-159.0792001401088	-494.5853124047228	28.46511178528906
-159.11462873966263	-494.0865793064204	28.46193200678921
-159.15005733921646	-493.587846208118	28.458752228289356
-159.18548593877028	-493.08911310981557	28.455572449789504
-159.2209145383241	-492.59038001151316	28.45239267128965
-159.22522301479844	-492.0904437247132	28.44567358123598
-159.22953149127278	-491.5905074379133	28.438954491182308
-159.23383996774712	-491.09057115111335	28.432235401128636
-159.23814844422145	-490.5906348643134	28.425516311074965
-159.2424569206958	-490.0906985775135	28.418797221021293
-159.22030723419925	-489.5911894885094	28.419044991891322
-159.19815754770272	-489.09168039950526	28.41929276276135
-159.1760078612062	-488.59217131050116	28.41954053363138
-159.15385817470965	-488.09266222149705	28.41978830450141
-159.13170848821312	-487.59315313249294	28.42003607537144
-159.0917545085735	-487.0947521835067	28.420452681390053
-159.05180052893388	-486.5963512345205	28.420869287408667
-159.01184654929426	-486.0979502855343	28.42128589342728
-158.97189256965464	-485.5995493365481	28.421702499445896
-158.9611101890332	-485.4650458707474	28.421814928913555
-158.9611101890332	-485.4650458707474	28.421814928913555
-158.8741280290111	-484.97276796648134	28.411987985884842
-158.787145868989	-484.48049006221527	28.40216104285613
-158.69243357710897	-483.98954811707273	28.39979709139737
-158.59772128522894	-483.4986061719302	28.397433139938613
-158.5030089933489	-483.00766422678765	28.395069188479855
-158.40829670146888	-482.5167222816451	28.392705237021097
-158.29582455494392	-482.02954148798466	28.39491669455606
-158.18335240841895	-481.5423606943242	28.39712815209102
-158.070880261894	-481.05517990066375	28.399339609625983
-157.95840811536902	-480.5679991070033	28.401551067160945
-157.84593596884406	-480.08081831334283	28.403762524695907
-157.71569630744943	-479.5980795622027	28.40472624015864
-157.5854566460548	-479.1153408110626	28.405689955621376
-157.45521698466018	-478.6326020599225	28.40665367108411
-157.31646039306602	-478.1522488204468	28.40936911108332
-157.17770380147186	-477.6718955809711	28.412084551082526
-157.0389472098777	-477.19154234149545	28.414799991081733
-156.90019061828355	-476.7111891020198	28.41751543108094
-156.74706752907397	-476.2352210686911	28.420299456963185
-156.5939444398644	-475.7592530353624	28.42308348284543
-156.44082135065483	-475.2832850020337	28.425867508727677
-156.28769826144526	-474.80731696870504	28.428651534609923
-156.211411414959	-474.57018682407215	28.430038553094136
-156.211411414959	-474.57018682407215	28.430038553094136
-156.03416806713642	-474.1026726490008	28.4339490210968
-155.85692471931384	-473.63515847392944	28.437859489099466
-155.67968137149126	-473.1676442988581	28.44176995710213
-155.49087475707563	-472.7046635046256	28.442690024918097
-155.30206814266	-472.24168271039315	28.443610092734062
-155.11326152824438	-471.7787019161607	28.444530160550027
-154.92088792320538	-471.31719764360264	28.447020641419055
-154.7285143181664	-470.8556933710446	28.449511122288083
-154.5361407131274	-470.39418909848655	28.45200160315711
-154.3371194024062	-469.9355247599695	28.456189974143857
-154.13809809168498	-469.47686042145244	28.460378345130604
-153.93907678096377	-469.0181960829354	28.46456671611735
-153.72783864771466	-468.565009421472	28.465115289776357
-153.51660051446555	-468.1118227600086	28.465663863435363
-153.30536238121644	-467.6586360985452	28.46621243709437
-153.09412424796733	-467.20544943708177	28.466761010753377
-152.88288611471822	-466.75226277561836	28.467309584412384
-152.65638521837752	-466.3065184640537	28.4703677970589
-152.42988432203683	-465.860774152489	28.473426009705413
-152.20338342569613	-465.4150298409243	28.476484222351928
-151.97688252935544	-464.96928552935964	28.479542434998443
-151.74049536556907	-464.52869462949536	28.480418650628163
-151.5041082017827	-464.0881037296311	28.481294866257883
-151.26772103799635	-463.6475128297668	28.482171081887603
-151.03133387421	-463.20692192990253	28.483047297517324
-150.79494671042363	-462.76633103003826	28.483923513147044
-150.55731793767927	-462.32640790011516	28.484377520490895
-150.3196891649349	-461.88648477019206	28.484831527834746
-150.08206039219056	-461.44656164026895	28.485285535178598
-149.8444316194462	-461.00663851034585	28.48573954252245
-149.60680284670184	-460.56671538042275	28.4861935498663
-149.36629924711892	-460.12835706315053	28.486258863944688
-149.125795647536	-459.6899987458783	28.486324178023075
-148.88529204795307	-459.2516404286061	28.486389492101463
-148.64478844837015	-458.8132821113339	28.48645480617985
-148.40428484878723	-458.37492379406166	28.486520120258238
-148.16348367395364	-457.9367297602574	28.485635282914227
-147.92268249912004	-457.4985357264531	28.484750445570217
-147.68188132428645	-457.0603416926488	28.483865608226207
-147.44108014945286	-456.62214765884454	28.482980770882197
-147.20027897461927	-456.18395362504026	28.482095933538186
-146.95947779978567	-455.745759591236	28.481211096194176
-146.716151379156	-455.30896218486225	28.48173911960556
-146.47282495852633	-454.8721647784885	28.482267143016944
-146.22949853789666	-454.4353673721148	28.48279516642833
-145.986172117267	-453.99856996574107	28.483323189839712
-145.74235778055015	-453.5620464340398	28.484655662126748
-145.4985434438333	-453.12552290233856	28.485988134413784
-145.25472910711648	-452.6889993706373	28.48732060670082
-145.01091477039964	-452.25247583893605	28.488653078987856
-144.7671004336828	-451.8159523072348	28.48998555127489
-144.5279662086283	-451.37684884568137	28.491709633462303
-144.2888319835738	-450.93774538412794	28.493433715649715
-144.0496977585193	-450.4986419225745	28.495157797837127
-143.8105635334648	-450.0595384610211	28.49688188002454
-143.5714293084103	-449.62043499946765	28.49860596221195
-143.32997972860872	-449.182602505194	28.500798534155404
-143.08853014880714	-448.7447700109203	28.502991106098857
-142.84708056900556	-448.30693751664666	28.50518367804231
-142.60563098920397	-447.869105022373	28.507376249985764
-142.35794598870712	-447.43476764471086	28.509160316817702
-142.11026098821026	-447.0004302670487	28.51094438364964
-141.8625759877134	-446.5660928893866	28.51272845048158
-141.61489098721654	-446.13175551172446	28.514512517313516
-141.36720598671968	-445.69741813406233	28.516296584145454
-141.11952098622282	-445.2630807564002	28.518080650977392
-140.87183598572597	-444.82874337873807	28.51986471780933
-140.86064807948424	-444.8091244036332	28.51994530392639
-140.86064807948424	-444.8091244036332	28.51994530392639
-140.62042997253988	-444.3706111765183	28.521133050274628
-140.38021186559553	-443.93209794940344	28.522320796622864
-140.13999375865117	-443.4935847222886	28.5235085429711
-139.89977565170682	-443.0550714951737	28.524696289319337
-139.65955754476246	-442.61655826805884	28.525884035667573
-139.4167646229364	-442.17946737221394	28.527657698734508
-139.17397170111033	-441.74237647636903	28.529431361801443
-138.93117877928427	-441.3052855805241	28.531205024868378
-138.6883858574582	-440.8681946846792	28.532978687935312
-138.44559293563213	-440.4311037888343	28.534752351002247
-138.20280001380607	-439.9940128929894	28.53652601406918
-137.96000709198	-439.5569219971445	28.538299677136116
-137.71773186674622	-439.11954350419353	28.539963751005764
-137.47545664151244	-438.68216501124255	28.541627824875413
-137.23318141627865	-438.24478651829156	28.54329189874506
-136.99090619104487	-437.8074080253406	28.54495597261471
-136.7486309658111	-437.3700295323896	28.546620046484357
-136.50244997144026	-436.93483473941177	28.547260496000874
-136.25626897706942	-436.49963994643394	28.54790094551739
-136.0100879826986	-436.0644451534561	28.548541395033908
-135.76390698832776	-435.6292503604783	28.549181844550425
-135.51772599395693	-435.19405556750047	28.549822294066942
-135.2738072057646	-434.75759076748756	28.54837208150835
-135.02988841757227	-434.32112596747464	28.54692186894976
-134.78596962937993	-433.88466116746173	28.545471656391168
-134.5420508411876	-433.4481963674488	28.544021443832577
-134.29813205299527	-433.0117315674359	28.542571231273985
-134.05374395269035	-432.5755269667125	28.542623548728002
-133.80935585238544	-432.13932236598913	28.54267586618202
-133.56496775208052	-431.70311776526574	28.542728183636036
-133.3205796517756	-431.26691316454236	28.542780501090053
-133.07619155147069	-430.830708563819	28.54283281854407
-132.83180345116577	-430.3945039630956	28.542885135998088
-132.58741535086085	-429.9582993623722	28.542937453452105
-132.34302725055593	-429.5220947616488	28.54298977090612
-132.10259366589338	-429.08369817890235	28.543346985910713
-131.86216008123083	-428.6453015961559	28.543704200915304
-131.68979755061446	-428.3310229377821	28.543960281954277
-131.68979755061446	-428.3310229377821	28.543960281954277
-131.44967144399345	-427.8924578823263	28.544341139013788
-131.20954533737245	-427.4538928268705	28.5447219960733
-130.96941923075144	-427.0153277714147	28.54510285313281
-130.72929312413044	-426.5767627159589	28.545483710192322
-130.48916701750943	-426.1381976605031	28.545864567251833
-130.24499573368945	-425.7018724380793	28.545037261674103
-130.00082444986947	-425.2655472156555	28.544209956096374
-129.7566531660495	-424.82922199323167	28.543382650518645
-129.5124818822295	-424.39289677080785	28.542555344940915
-129.26831059840953	-423.95657154838403	28.541728039363186
-129.02413931458955	-423.5202463259602	28.540900733785456
-128.77996803076957	-423.0839211035364	28.540073428207727
-128.5357967469496	-422.6475958811126	28.539246122629997
-128.29161655434382	-422.21127799529256	28.540900224362908
-128.04743636173805	-421.77496010947254	28.542554326095818
-127.8032561691323	-421.3386422236525	28.54420842782873
-127.55907597652654	-420.9023243378325	28.54586252956164
-127.31489578392079	-420.4660064520125	28.54751663129455
-127.07071559131504	-420.0296885661925	28.54917073302746
-126.82653539870928	-419.59337068037246	28.55082483476037
-126.58235520610353	-419.15705279455244	28.55247893649328
-126.33984140283285	-418.71980352671045	28.55284362105251
-126.09732759956216	-418.28255425886846	28.55320830561174
-125.85481379629148	-417.84530499102647	28.55357299017097
-125.6122999930208	-417.4080557231845	28.5539376747302
-125.36978618975012	-416.9708064553425	28.55430235928943
-125.12727238647943	-416.5335571875005	28.55466704384866
-124.88475858320875	-416.0963079196585	28.55503172840789
-124.64224477993807	-415.6590586518165	28.55539641296712
-124.39930550507918	-415.2220455429577	28.555623165219917
-124.1563662302203	-414.78503243409887	28.555849917472713
-123.91342695536142	-414.34801932524005	28.55607666972551
-123.67048768050253	-413.9110062163812	28.556303421978306
-123.42754840564365	-413.4739931075224	28.556530174231103
-123.18460913078476	-413.0369799986636	28.5567569264839
-122.94166985592588	-412.59996688980476	28.556983678736696
-122.698730581067	-412.16295378094594	28.557210430989493
-122.45579130620811	-411.7259406720871	28.55743718324229
-122.21193463998478	-411.28943884351406	28.55715435680257
-121.96807797376144	-410.852937014941	28.55687153036285
-121.7242213075381	-410.41643518636795	28.556588703923133
-121.48036464131476	-409.9799333577949	28.556305877483414
-121.23650797509143	-409.54343152922183	28.556023051043695
-120.99265130886809	-409.1069297006488	28.555740224603976
-120.74879464264475	-408.6704278720757	28.555457398164258
-120.50493797642142	-408.23392604350266	28.55517457172454
-120.26108131019808	-407.7974242149296	28.55489174528482
-120.01813140026391	-407.3604178019793	28.554033664132078
-119.77518149032974	-406.92341138902896	28.553175582979335
-119.53223158039557	-406.48640497607863	28.552317501826593
-119.2892816704614	-406.0493985631283	28.55145942067385
-119.04633176052724	-405.612392150178	28.55060133952111
-118.80338185059307	-405.17538573722766	28.549743258368366
-118.5604319406589	-404.73837932427733	28.548885177215624
-118.31748203072473	-404.301372911327	28.54802709606288
-118.0739344167455	-403.8646985560302	28.547767960679863
-117.83038680276627	-403.4280242007334	28.547508825296845
-117.58683918878704	-402.99134984543656	28.547249689913826
-117.34329157480781	-402.55467549013974	28.546990554530808
-117.09974396082858	-402.1180011348429	28.54673141914779
-116.85619634684934	-401.6813267795461	28.54647228376477
-116.61264873287011	-401.2446524242493	28.546213148381753
-116.36991359086477	-400.807525851738	28.54611097124299
-116.12717844885942	-400.37039927922666	28.546008794104225
-115.88444330685408	-399.93327270671534	28.54590661696546
-115.64170816484874	-399.496146134204	28.545804439826696
-115.39897302284339	-399.0590195616927	28.545702262687932
-115.15623788083805	-398.6218929891814	28.545600085549168
-114.9135027388327	-398.1847664166701	28.545497908410404
-114.67057230010965	-397.7477484119762	28.545753867822352
-114.4276418613866	-397.31073040728234	28.5460098272343
-114.18471142266355	-396.87371240258847	28.54626578664625
-113.9417809839405	-396.4366943978946	28.546521746058197
-113.69885054521745	-395.99967639320073	28.546777705470145
-113.4559201064944	-395.56265838850686	28.547033664882093
-113.21110079113706	-395.1266958466859	28.546627515946533
-112.96628147577971	-394.6907333048649	28.546221367010972
-112.72146216042236	-394.25477076304395	28.54581521807541
-112.47664284506502	-393.818808221223	28.54540906913985
-112.23182352970767	-393.382845679402	28.54500292020429
-111.98700421435032	-392.94688313758104	28.54459677126873
-111.74218489899297	-392.51092059576007	28.54419062233317
-111.49993991691014	-392.0735224186381	28.543739727600315
-111.2576949348273	-391.63612424151614	28.54328883286746
-111.01544995274446	-391.1987260643942	28.542837938134607
-110.77320497066162	-390.7613278872722	28.542387043401753
-110.53095998857879	-390.32392971015025	28.5419361486689
-110.28871500649595	-389.8865315330283	28.541485253936045
-110.04647002441311	-389.4491333559063	28.54103435920319
-109.80422504233027	-389.01173517878436	28.540583464470338
-109.56198006024744	-388.5743370016624	28.540132569737484
-109.32072252293992	-388.1363933656121	28.539717436823945
-109.0794649856324	-387.6984497295618	28.539302303910407
-108.83820744832488	-387.2605060935115	28.53888717099687
-108.59694991101736	-386.8225624574612	28.53847203808333
-108.35569237370984	-386.38461882141087	28.538056905169793
-108.11443483640232	-385.94667518536056	28.537641772256254
-107.87179005000898	-385.5094984395484	28.537665377800323
-107.62914526361564	-385.0723216937362	28.537688983344392
-107.3865004772223	-384.63514494792406	28.53771258888846
-107.14385569082896	-384.1979682021119	28.53773619443253
-106.90121090443562	-383.7607914562997	28.537759799976598
-106.65856611804227	-383.32361471048756	28.537783405520667
-106.41592133164893	-382.8864379646754	28.537807011064736
-106.17327654525559	-382.4492612188632	28.537830616608804
-105.93063175886225	-382.01208447305106	28.537854222152873
-105.68939077340664	-381.5741316117689	28.53813392049441
-105.44814978795104	-381.13617875048675	28.538413618835946
-105.20690880249543	-380.6982258892046	28.538693317177483
-104.96566781703983	-380.26027302792244	28.53897301551902
-104.72442683158422	-379.8223201666403	28.539252713860556
-104.48318584612862	-379.3843673053581	28.539532412202092
-104.24194486067302	-378.94641444407597	28.53981211054363
-104.00070387521741	-378.5084615827938	28.540091808885165
-103.75591575021896	-378.07248290849674	28.538921587570385
-103.51112762522051	-377.63650423419966	28.537751366255605
-103.26633950022206	-377.2005255599026	28.536581144940826
-103.02155137522361	-376.7645468856055	28.535410923626046
-102.77676325022516	-376.32856821130844	28.534240702311266
-102.53197512522671	-375.89258953701136	28.533070480996486
-102.28718700022826	-375.4566108627143	28.531900259681706
-102.04239887522981	-375.0206321884172	28.530730038366926
-101.80032175407273	-374.58314431236874	28.528990577848262
-101.55824463291565	-374.1456564363203	28.527251117329598
-101.31616751175856	-373.7081685602718	28.525511656810934
-101.07409039060148	-373.27068068422335	28.52377219629227
-100.8320132694444	-372.8331928081749	28.522032735773607
-100.58993614828732	-372.3957049321264	28.520293275254943
-100.34785902713024	-371.95821705607796	28.51855381473628
-100.10578190597316	-371.5207291800295	28.516814354217615
-99.85550245033278	-371.08787863262586	28.517587462700742
-99.6052229946924	-370.6550280852222	28.51836057118387
-99.35494353905202	-370.2221775378186	28.519133679666997
-99.10466408341163	-369.78932699041496	28.519906788150124
-98.85438462777125	-369.35647644301133	28.52067989663325
-98.60410517213087	-368.9236258956077	28.521453005116378
-98.35382571649049	-368.49077534820407	28.522226113599505
-98.10354626085011	-368.05792480080044	28.522999222082632
-97.86084027992021	-367.62078745716826	28.525178585080056
-97.61813429899031	-367.1836501135361	28.52735794807748
-97.37542831806041	-366.7465127699039	28.529537311074904
-97.13272233713052	-366.30937542627174	28.531716674072328
-96.89001635620062	-365.87223808263957	28.533896037069752
-96.64731037527072	-365.4351007390074	28.536075400067176
-96.40460439434082	-364.9979633953752	28.5382547630646
-96.34194502758328	-364.8851077128202	28.53881740888334
-96.34194502758328	-364.8851077128202	28.53881740888334
-96.09998922720384	-364.44755540945835	28.54113527115252
-95.85803342682439	-364.0100031060965	28.5434531334217
-95.61607762644495	-363.5724508027347	28.54577099569088
-95.3741218260655	-363.13489849937287	28.54808885796006
-95.13216602568606	-362.69734619601104	28.55040672022924
-94.89021022530662	-362.2597938926492	28.55272458249842
-94.64825442492717	-361.8222415892874	28.5550424447676
-94.40629862454773	-361.38468928592556	28.55736030703678
-94.16434282416829	-360.94713698256373	28.55967816930596
-93.9223850106613	-360.50958104964394	28.560783632842625
-93.68042719715432	-360.07202511672415	28.56188909637929
-93.43846938364733	-359.63446918380436	28.562994559915953
-93.19651157014034	-359.19691325088456	28.564100023452617
-92.95455375663336	-358.75935731796477	28.56520548698928
-92.71259594312637	-358.321801385045	28.566310950525946
-92.47063812961939	-357.8842454521252	28.56741641406261
-92.2286803161124	-357.4466895192054	28.568521877599274
-91.98672199316232	-357.00913266531734	28.568933667288135
-91.74476367021224	-356.5715758114293	28.569345456976997
-91.50280534726215	-356.13401895754123	28.56975724666586
-91.26084702431207	-355.6964621036532	28.57016903635472
-91.01888870136199	-355.2589052497651	28.57058082604358
-90.7769303784119	-354.82134839587707	28.570992615732443
-90.53497205546182	-354.383791541989	28.571404405421305
-90.29301373251174	-353.94623468810096	28.571816195110166
-90.05105540956166	-353.5086778342129	28.572227984799028
-89.80909708661157	-353.07112098032485	28.57263977448789
-89.56713876366149	-352.6335641264368	28.57305156417675
-89.3251804407114	-352.19600727254874	28.573463353865613
-89.08322211776132	-351.7584504186607	28.573875143554474
-88.84127152000231	-351.32090753512296	28.569858514429587
-88.5993209222433	-350.8833646515852	28.5658418853047
-88.35737032448428	-350.4458217680475	28.561825256179812
-88.11541972672526	-350.00827888450976	28.557808627054925
-87.87346912896625	-349.57073600097203	28.553791997930038
-87.63151853120723	-349.1331931174343	28.54977536880515
-87.38956793344822	-348.6956502338966	28.545758739680263
-87.1476173356892	-348.25810735035884	28.541742110555376
-86.90566548632394	-347.8205622039796	28.53806142194034
-86.66371363695868	-347.38301705760034	28.534380733325307
-86.42176178759341	-346.9454719112211	28.530700044710272
-86.17980993822815	-346.50792676484184	28.527019356095238
-86.06730411481112	-346.3044715025462	28.525307863066917
-86.06730411481112	-346.3044715025462	28.525307863066917
-85.82535195438494	-345.8669257919999	28.52171575398807
-85.58339979395876	-345.4293800814536	28.51812364490922
-85.34144763353258	-344.99183437090727	28.514531535830372
-85.0994954731064	-344.55428866036095	28.510939426751523
-84.85754331268022	-344.11674294981464	28.507347317672675
-84.61559115225404	-343.6791972392683	28.503755208593827
-84.36934227196635	-343.2440414808968	28.502778012005415
-84.12309339167865	-342.80888572252525	28.501800815417003
-83.87684451139096	-342.3737299641537	28.50082361882859
-83.63059563110326	-341.9385742057822	28.49984642224018
-83.38434675081557	-341.50341844741064	28.498869225651767
-83.14448033006452	-341.0647180808773	28.501336734430478
-82.90461390931348	-340.62601771434396	28.50380424320919
-82.66474748856244	-340.1873173478106	28.5062717519879
-82.4248810678114	-339.7486169812773	28.50873926076661
-82.18501464706036	-339.30991661474394	28.51120676954532
-81.94127851790746	-338.8733486087101	28.51016972894285
-81.69754238875457	-338.43678060267627	28.509132688340376
-81.45380625960168	-338.0002125966424	28.508095647737903
-81.21007013044878	-337.5636445906086	28.50705860713543
-80.96633400129589	-337.12707658457475	28.506021566532958
-80.72306627061695	-336.6902463660722	28.5056075456069
-80.47979853993802	-336.2534161475696	28.50519352468084
-80.23653080925908	-335.81658592906706	28.504779503754783
-79.99326307858014	-335.3797557105645	28.504365482828725
-79.7499953479012	-334.94292549206193	28.503951461902666
-79.50672761722227	-334.50609527355937	28.503537440976608
-79.26247337180325	-334.0698159759103	28.50304955002477
-79.01821912638424	-333.6335366782612	28.50256165907293
-78.77396488096522	-333.1972573806121	28.502073768121093
-78.52971063554621	-332.760978082963	28.501585877169255
-78.2854563901272	-332.3246987853139	28.501097986217417
-78.04363033050339	-331.88706891532075	28.501601748665763
-77.80180427087959	-331.4494390453276	28.50210551111411
-77.55997821125578	-331.01180917533446	28.502609273562456
-77.31815215163198	-330.5741793053413	28.503113036010802
-77.07632609200817	-330.1365494353482	28.50361679845915
-76.83450003238437	-329.698919565355	28.504120560907495
-76.59210975030881	-329.26160207677054	28.50472498913216
-76.34971946823325	-328.82428458818606	28.505329417356826
-76.10732918615768	-328.3869670996016	28.50593384558149
-76.08175275061512	-328.34088227525353	28.505994752025078
-76.08175275061512	-328.34088227525353	28.505994752025078
-75.83678220199864	-327.90500462178966	28.5063133762358
-75.59181165338217	-327.4691269683258	28.50663200044652
-75.34684110476569	-327.0332493148619	28.50695062465724
-75.10187055614921	-326.59737166139803	28.50726924886796
-74.85889820056865	-326.1603777436729	28.508135444493703
-74.61592584498808	-325.72338382594774	28.509001640119447
-74.37295348940752	-325.2863899082226	28.50986783574519
-74.12998113382696	-324.84939599049744	28.510734031370934
-73.8870087782464	-324.4124020727723	28.511600226996677
-73.64403642266583	-323.97540815504715	28.51246642262242
-73.40106406708527	-323.538414237322	28.513332618248164
-73.15809171150471	-323.10142031959685	28.514198813873907
-72.91511935592415	-322.6644264018717	28.51506500949965
-72.67214700034359	-322.22743248414656	28.515931205125394
-72.42917464476302	-321.7904385664214	28.516797400751138
-72.18620228918246	-321.35344464869627	28.51766359637688
-71.9432299336019	-320.9164507309711	28.518529792002624
-71.7003971393053	-320.4793821834644	28.52035154788187
-71.45756434500869	-320.04231363595767	28.522173303761114
-71.21473155071209	-319.60524508845094	28.52399505964036
-70.97189875641548	-319.1681765409442	28.525816815519605
-70.72906596211888	-318.7311079934375	28.52763857139885
-70.48623316782228	-318.29403944593076	28.529460327278095
-70.24340037352567	-317.85697089842404	28.53128208315734
-70.00056757922907	-317.4199023509173	28.533103839036585
-69.75773478493247	-316.9828338034106	28.53492559491583
-69.51490199063586	-316.54576525590386	28.536747350795075
-69.27207466751886	-316.108690069852	28.53716314587227
-69.02924734440187	-315.67161488380015	28.537578940949466
-68.78642002128487	-315.2345396977483	28.53799473602666
-68.54359269816787	-314.79746451169643	28.538410531103857
-68.30076537505087	-314.3603893256446	28.538826326181052
-68.05793805193387	-313.9233141395927	28.539242121258248
-67.81511072881688	-313.48623895354086	28.539657916335443
-67.57228340569988	-313.049163767489	28.54007371141264
-67.32945608258288	-312.61208858143715	28.540489506489834
-67.08662875946588	-312.1750133953853	28.54090530156703
-66.84380143634888	-311.73793820933344	28.541321096644225
-66.60097411323189	-311.3008630232816	28.54173689172142
-66.35814744950183	-310.86378811542886	28.54087880823667
-66.11532078577177	-310.42671320757614	28.54002072475192
-65.87249412204172	-309.9896382997234	28.53916264126717
-65.62966745831166	-309.5525633918707	28.538304557782418
-65.3868407945816	-309.115488484018	28.537446474297667
-65.14401413085155	-308.67841357616527	28.536588390812916
-64.90118746712149	-308.24133866831255	28.535730307328166
-64.65836080339143	-307.80426376045983	28.534872223843415
-64.41553413966137	-307.3671888526071	28.534014140358664
-64.17270747593132	-306.9301139447544	28.533156056873914
-63.929880812201255	-306.4930390369017	28.532297973389163
-63.68705414847119	-306.05596412904896	28.531439889904412
-63.44422748474113	-305.61888922119624	28.53058180641966
-63.20140082101106	-305.1818143133435	28.52972372293491
-62.95857404744025	-304.74473917011755	28.52903291820317
-62.71574727386944	-304.3076640268916	28.52834211347143
-62.47292050029863	-303.8705888836656	28.527651308739692
-62.230093726727816	-303.43351374043965	28.526960504007953
-61.987266953157004	-302.9964385972137	28.526269699276213
-61.74444017958619	-302.5593634539877	28.525578894544473
-61.50161340601538	-302.12228831076175	28.524888089812734
-61.25878663244457	-301.6852131675358	28.524197285080994
-61.01595985887376	-301.2481380243098	28.523506480349255
-60.773133085302945	-300.81106288108384	28.522815675617515
-60.53030631173213	-300.3739877378579	28.522124870885776
-60.28747953816132	-299.9369125946319	28.521434066154036
-60.04465413256419	-299.4998399070054	28.519620746665055
-59.80182872696706	-299.06276721937894	28.517807427176074
-59.55900332136993	-298.62569453175246	28.515994107687092
-59.3161779157728	-298.188621844126	28.51418078819811
-59.07335251017567	-297.7515491564995	28.51236746870913
-58.830527104578536	-297.314476468873	28.510554149220148
-58.587701698981405	-296.8774037812465	28.508740829731167
-58.344876293384274	-296.44033109362005	28.506927510242186
-58.10205088778714	-296.00325840599356	28.505114190753204
-58.057311867014505	-295.92273057159036	28.504780098288347
-58.057311867014505	-295.92273057159036	28.504780098288347
-57.81448660430619	-295.4856581543812	28.502884338385073
-57.571661341597874	-295.04858573717206	28.5009885784818
-57.32883607888956	-294.6115133199629	28.499092818578525
-57.08601081618124	-294.17444090275376	28.49719705867525
-56.844197841398476	-293.7368058262491	28.495774019857155
-56.60238486661571	-293.29917074974446	28.49435098103906
-56.36057189183294	-292.8615356732398	28.492927942220962
-56.11875891705017	-292.42390059673517	28.491504903402866
-55.876945942267405	-291.9862655202305	28.49008186458477
-55.63513296748464	-291.54863044372587	28.488658825766674
-55.39160318213492	-291.1119460738364	28.48872768608691
-55.14807339678521	-290.67526170394694	28.488796546407148
-54.90454361143549	-290.2385773340575	28.488865406727385
-54.66101382608578	-289.801892964168	28.48893426704762
-54.41748404073606	-289.36520859427856	28.48900312736786
-54.17441463678326	-288.92826817044727	28.48842790205667
-53.93134523283046	-288.491327746616	28.487852676745483
-53.68827582887766	-288.0543873227847	28.487277451434295
-53.445206424924855	-287.6174468989534	28.486702226123107
-53.20213702097205	-287.1805064751221	28.48612700081192
-52.96076075177873	-286.74262828723107	28.485691984057535
-52.719384482585404	-286.30475009934	28.48525696730315
-52.47800821339208	-285.866871911449	28.484821950548767
-52.236631944198756	-285.42899372355794	28.484386933794383
-51.99525567500543	-284.9911155356669	28.48395191704
-51.75387940581211	-284.55323734777585	28.483516900285615
-51.50773468553225	-284.11802374387446	28.482140071496314
-51.26158996525239	-283.68281013997307	28.480763242707013
-51.01544524497253	-283.2475965360717	28.479386413917712
-50.769300524692675	-282.8123829321703	28.47800958512841
-50.524035101006476	-282.3766721714269	28.47901204033844
-50.27876967732028	-281.9409614106835	28.480014495548467
-50.03350425363408	-281.5052506499401	28.481016950758494
-49.78823882994788	-281.0695398891967	28.482019405968522
-49.74829865928041	-280.997698076535	28.482147016089012
-49.74829865928041	-280.997698076535	28.482147016089012
-49.50966623652816	-280.558318468146	28.48250274540018
-49.271033813775915	-280.118938859757	28.482858474711346
-49.0240148648511	-279.6842197990254	28.483846962808105
-48.77699591592628	-279.2495007382938	28.484835450904864
-48.52997696700146	-278.8147816775622	28.485823939001623
-48.28295801807664	-278.3800626168306	28.486812427098382
-48.03593906915182	-277.94534355609903	28.48780091519514
-47.788920120227004	-277.51062449536744	28.4887894032919
-47.541901171302186	-277.07590543463584	28.48977789138866
-47.29488222237737	-276.64118637390425	28.490766379485418
-47.04786327345255	-276.20646731317265	28.491754867582177
-46.80084432452773	-275.77174825244106	28.492743355678936
-46.55382537560291	-275.33702919170946	28.493731843775695
-46.306806426678094	-274.90231013097787	28.494720331872454
-46.059787477753275	-274.46759107024627	28.495708819969213
-45.81276852882846	-274.0328720095147	28.496697308065972
-45.56551820509594	-273.59828702906975	28.498478371184998
-45.318267881363425	-273.1637020486248	28.500259434304024
-45.07101755763091	-272.7291170681799	28.50204049742305
-44.823767233898394	-272.294532087735	28.503821560542075
-44.57651691016588	-271.85994710729005	28.5056026236611
-44.32926658643336	-271.42536212684513	28.507383686780127
-44.08201626270085	-270.9907771464002	28.509164749899153
-43.83476593896833	-270.5561921659553	28.51094581301818
-43.587515615235816	-270.12160718551036	28.512726876137204
-43.3402652915033	-269.68702220506543	28.51450793925623
-43.093014967770785	-269.2524372246205	28.516289002375256
-42.845757391281936	-268.8178527214047	28.51626818172268
-42.59849981479309	-268.38326821818885	28.516247361070103
-42.35124223830424	-267.948683714973	28.516226540417527
-42.10398466181539	-267.5140992117572	28.51620571976495
-41.85672708532654	-267.07951470854135	28.516184899112375
-41.60946950883769	-266.6449302053255	28.5161640784598
-41.36221193234884	-266.2103457021097	28.516143257807222
-41.11495435585999	-265.77576119889386	28.516122437154646
-40.867696779371144	-265.34117669567803	28.51610161650207
-40.620439202882295	-264.9065921924622	28.516080795849494
-40.373181626393446	-264.47200768924637	28.516059975196917
-40.1259240499046	-264.03742318603054	28.51603915454434
-39.87866647341575	-263.6028386828147	28.516018333891765
-39.63140931998972	-263.16825585570973	28.51472741751454
-39.384152166563695	-262.73367302860476	28.513436501137313
-39.13689501313767	-262.2990902014998	28.512145584760088
-38.88963785971164	-261.8645073743948	28.510854668382862
-38.642380706285614	-261.42992454728983	28.509563752005636
-38.39512355285959	-260.99534172018485	28.50827283562841
-38.14786639943356	-260.5607588930799	28.506981919251185
-37.900609246007534	-260.1261760659749	28.50569100287396
-37.65335209258151	-259.6915932388699	28.504400086496734
-37.40609493915548	-259.25701041176495	28.503109170119508
-37.15883778572945	-258.82242758466	28.501818253742282
-36.911580632303426	-258.387844757555	28.500527337365057
-36.6643234788774	-257.95326193045	28.49923642098783
-36.41706632545137	-257.51867910334505	28.497945504610605
-36.169809172025346	-257.0840962762401	28.49665458823338
-35.92255201859932	-256.6495134491351	28.495363671856154
-35.67529486517329	-256.2149306220301	28.49407275547893
-35.459126197965816	-255.83498937776312	28.492944150425952
-35.459126197965816	-255.83498937776312	28.492944150425952
-35.21780289193602	-255.39708315109056	28.491849340743507
-34.97647958590622	-254.959176924418	28.49075453106106
-34.73515627987642	-254.52127069774542	28.489659721378615
-34.49383297384662	-254.08336447107285	28.48856491169617
-34.252509667816824	-253.6454582444003	28.487470102013724
-34.011186361787026	-253.20755201772772	28.486375292331278
-33.76986305575723	-252.76964579105515	28.485280482648832
-33.53159862166873	-252.33006691746522	28.485968481120302
-33.29333418758023	-251.89048804387528	28.486656479591772
-33.05506975349173	-251.45090917028534	28.487344478063243
-32.81680531940323	-251.0113302966954	28.488032476534713
-32.57854088531473	-250.57175142310547	28.488720475006183
-32.34027645122623	-250.13217254951553	28.489408473477653
-32.10201201713773	-249.6925936759256	28.490096471949123
-31.863747583049232	-249.25301480233566	28.490784470420593
-31.625483148960733	-248.81343592874572	28.491472468892063
-31.61211201059632	-248.78876724513248	28.491511078610692
